Year,Month,Full_Date,Destination_Country_Code,Destination_Country,Arrivals
2018,1,2018-01-01,AT,Austria,3134889.0
2018,2,2018-02-01,AT,Austria,3445384.0
2018,3,2018-03-01,AT,Austria,3514333.0
2018,4,2018-04-01,AT,Austria,2311581.0
2018,5,2018-05-01,AT,Austria,3000330.0
2018,6,2018-06-01,AT,Austria,3475041.0
2018,7,2018-07-01,AT,Austria,4763540.0
2018,8,2018-08-01,AT,Austria,4887500.0
2018,9,2018-09-01,AT,Austria,3583753.0
2018,10,2018-10-01,AT,Austria,2770956.0
2018,11,2018-11-01,AT,Austria,2070009.0
2018,12,2018-12-01,AT,Austria,3136164.0
2019,1,2019-01-01,AT,Austria,3129184.0
2019,2,2019-02-01,AT,Austria,3505327.0
2019,3,2019-03-01,AT,Austria,3471046.0
2019,4,2019-04-01,AT,Austria,2561382.0
2019,5,2019-05-01,AT,Austria,2823461.0
2019,6,2019-06-01,AT,Austria,3962009.0
2019,7,2019-07-01,AT,Austria,4810243.0
2019,8,2019-08-01,AT,Austria,5125780.0
2019,9,2019-09-01,AT,Austria,3620257.0
2019,10,2019-10-01,AT,Austria,2937099.0
2019,11,2019-11-01,AT,Austria,2087122.0
2019,12,2019-12-01,AT,Austria,3288521.0
2020,1,2020-01-01,AT,Austria,3435324.0
2020,2,2020-02-01,AT,Austria,3816610.0
2020,3,2020-03-01,AT,Austria,1124431.0
2020,4,2020-04-01,AT,Austria,43397.0
2020,5,2020-05-01,AT,Austria,219739.0
2020,6,2020-06-01,AT,Austria,1487572.0
2020,7,2020-07-01,AT,Austria,3449498.0
2020,8,2020-08-01,AT,Austria,4001716.0
2020,9,2020-09-01,AT,Austria,2529359.0
2020,10,2020-10-01,AT,Austria,1224544.0
2020,11,2020-11-01,AT,Austria,202294.0
2020,12,2020-12-01,AT,Austria,137160.0
2021,1,2021-01-01,AT,Austria,138261.0
2021,2,2021-02-01,AT,Austria,163900.0
2021,3,2021-03-01,AT,Austria,221981.0
2021,4,2021-04-01,AT,Austria,211800.0
2021,5,2021-05-01,AT,Austria,796351.0
2021,6,2021-06-01,AT,Austria,2006445.0
2021,7,2021-07-01,AT,Austria,3738430.0
2021,8,2021-08-01,AT,Austria,4608339.0
2021,9,2021-09-01,AT,Austria,3242361.0
2021,10,2021-10-01,AT,Austria,2451663.0
2021,11,2021-11-01,AT,Austria,951134.0
2021,12,2021-12-01,AT,Austria,1227319.0
2022,1,2022-01-01,AT,Austria,1940725.0
2022,2,2022-02-01,AT,Austria,2551328.0
2022,3,2022-03-01,AT,Austria,2438160.0
2022,4,2022-04-01,AT,Austria,2089090.0
2022,5,2022-05-01,AT,Austria,2433989.0
2022,6,2022-06-01,AT,Austria,3530920.0
2022,7,2022-07-01,AT,Austria,4725858.0
2022,8,2022-08-01,AT,Austria,4900771.0
2022,9,2022-09-01,AT,Austria,3510036.0
2022,10,2022-10-01,AT,Austria,2685354.0
2022,11,2022-11-01,AT,Austria,1780340.0
2022,12,2022-12-01,AT,Austria,2983103.0
2023,1,2023-01-01,AT,Austria,3097126.0
2023,2,2023-02-01,AT,Austria,3407388.0
2023,3,2023-03-01,AT,Austria,3001908.0
2023,4,2023-04-01,AT,Austria,2458352.0
2023,5,2023-05-01,AT,Austria,2849313.0
2023,6,2023-06-01,AT,Austria,3843512.0
2023,7,2023-07-01,AT,Austria,5010502.0
2023,8,2023-08-01,AT,Austria,4973951.0
2023,9,2023-09-01,AT,Austria,3918471.0
2023,10,2023-10-01,AT,Austria,2824553.0
2018,1,2018-01-01,BE,Belgium,901317.0
2018,2,2018-02-01,BE,Belgium,1073754.0
2018,3,2018-03-01,BE,Belgium,1352528.0
2018,4,2018-04-01,BE,Belgium,1548133.0
2018,5,2018-05-01,BE,Belgium,1664260.0
2018,6,2018-06-01,BE,Belgium,1547102.0
2018,7,2018-07-01,BE,Belgium,1878169.0
2018,8,2018-08-01,BE,Belgium,1856886.0
2018,9,2018-09-01,BE,Belgium,1546953.0
2018,10,2018-10-01,BE,Belgium,1580995.0
2018,11,2018-11-01,BE,Belgium,1308645.0
2018,12,2018-12-01,BE,Belgium,1301173.0
2019,1,2019-01-01,BE,Belgium,905345.0
2019,2,2019-02-01,BE,Belgium,1092706.0
2019,3,2019-03-01,BE,Belgium,1350375.0
2019,4,2019-04-01,BE,Belgium,1715040.0
2019,5,2019-05-01,BE,Belgium,1632600.0
2019,6,2019-06-01,BE,Belgium,1654836.0
2019,7,2019-07-01,BE,Belgium,1904684.0
2019,8,2019-08-01,BE,Belgium,1916367.0
2019,9,2019-09-01,BE,Belgium,1574149.0
2019,10,2019-10-01,BE,Belgium,1621983.0
2019,11,2019-11-01,BE,Belgium,1344898.0
2019,12,2019-12-01,BE,Belgium,1344628.0
2020,1,2020-01-01,BE,Belgium,972661.0
2020,2,2020-02-01,BE,Belgium,1175643.0
2020,3,2020-03-01,BE,Belgium,425916.0
2020,4,2020-04-01,BE,Belgium,15481.0
2020,5,2020-05-01,BE,Belgium,31002.0
2020,6,2020-06-01,BE,Belgium,413333.0
2020,7,2020-07-01,BE,Belgium,1368513.0
2020,8,2020-08-01,BE,Belgium,1149119.0
2020,9,2020-09-01,BE,Belgium,842356.0
2020,10,2020-10-01,BE,Belgium,521460.0
2020,11,2020-11-01,BE,Belgium,204563.0
2020,12,2020-12-01,BE,Belgium,256370.0
2021,2,2021-02-01,BE,Belgium,392047.0
2021,3,2021-03-01,BE,Belgium,358462.0
2021,4,2021-04-01,BE,Belgium,621669.0
2021,5,2021-05-01,BE,Belgium,730039.0
2021,6,2021-06-01,BE,Belgium,868451.0
2021,7,2021-07-01,BE,Belgium,1546924.0
2021,8,2021-08-01,BE,Belgium,1583135.0
2021,9,2021-09-01,BE,Belgium,1261974.0
2021,10,2021-10-01,BE,Belgium,1402690.0
2021,11,2021-11-01,BE,Belgium,1057735.0
2021,12,2021-12-01,BE,Belgium,921920.0
2022,1,2022-01-01,BE,Belgium,741365.0
2022,2,2022-02-01,BE,Belgium,914927.0
2022,3,2022-03-01,BE,Belgium,1188330.0
2022,4,2022-04-01,BE,Belgium,1605248.0
2022,5,2022-05-01,BE,Belgium,1636083.0
2022,6,2022-06-01,BE,Belgium,1614547.0
2022,7,2022-07-01,BE,Belgium,2067690.0
2022,8,2022-08-01,BE,Belgium,1984940.0
2022,9,2022-09-01,BE,Belgium,1605842.0
2022,10,2022-10-01,BE,Belgium,1651545.0
2022,11,2022-11-01,BE,Belgium,1284803.0
2022,12,2022-12-01,BE,Belgium,1331325.0
2023,1,2023-01-01,BE,Belgium,996789.0
2023,2,2023-02-01,BE,Belgium,1169414.0
2023,3,2023-03-01,BE,Belgium,1356326.0
2023,4,2023-04-01,BE,Belgium,1734700.0
2023,5,2023-05-01,BE,Belgium,1802765.0
2023,6,2023-06-01,BE,Belgium,1675754.0
2023,7,2023-07-01,BE,Belgium,2023042.0
2023,8,2023-08-01,BE,Belgium,1929855.0
2023,9,2023-09-01,BE,Belgium,1718431.0
2023,10,2023-10-01,BE,Belgium,1604648.0
2018,1,2018-01-01,BG,Bulgaria,372966.0
2018,2,2018-02-01,BG,Bulgaria,389090.0
2018,3,2018-03-01,BG,Bulgaria,400398.0
2018,4,2018-04-01,BG,Bulgaria,432178.0
2018,5,2018-05-01,BG,Bulgaria,582022.0
2018,6,2018-06-01,BG,Bulgaria,988832.0
2018,7,2018-07-01,BG,Bulgaria,1233322.0
2018,8,2018-08-01,BG,Bulgaria,1317855.0
2018,9,2018-09-01,BG,Bulgaria,835824.0
2018,10,2018-10-01,BG,Bulgaria,438763.0
2018,11,2018-11-01,BG,Bulgaria,371058.0
2018,12,2018-12-01,BG,Bulgaria,437372.0
2019,1,2019-01-01,BG,Bulgaria,382771.0
2019,2,2019-02-01,BG,Bulgaria,376045.0
2019,3,2019-03-01,BG,Bulgaria,432686.0
2019,4,2019-04-01,BG,Bulgaria,450653.0
2019,5,2019-05-01,BG,Bulgaria,586591.0
2019,6,2019-06-01,BG,Bulgaria,1028784.0
2019,7,2019-07-01,BG,Bulgaria,1297762.0
2019,8,2019-08-01,BG,Bulgaria,1468322.0
2019,9,2019-09-01,BG,Bulgaria,847355.0
2019,12,2019-12-01,BG,Bulgaria,447602.0
2020,1,2020-01-01,BG,Bulgaria,439897.0
2020,2,2020-02-01,BG,Bulgaria,442669.0
2020,3,2020-03-01,BG,Bulgaria,162494.0
2020,4,2020-04-01,BG,Bulgaria,16494.0
2020,6,2020-06-01,BG,Bulgaria,199533.0
2020,7,2020-07-01,BG,Bulgaria,613199.0
2020,8,2020-08-01,BG,Bulgaria,947420.0
2020,9,2020-09-01,BG,Bulgaria,593318.0
2021,6,2021-06-01,BG,Bulgaria,562359.0
2021,7,2021-07-01,BG,Bulgaria,1118431.0
2021,8,2021-08-01,BG,Bulgaria,1325112.0
2021,9,2021-09-01,BG,Bulgaria,619950.0
2021,11,2021-11-01,BG,Bulgaria,203915.0
2021,12,2021-12-01,BG,Bulgaria,290673.0
2022,4,2022-04-01,BG,Bulgaria,393270.0
2022,5,2022-05-01,BG,Bulgaria,492018.0
2022,6,2022-06-01,BG,Bulgaria,838082.0
2022,7,2022-07-01,BG,Bulgaria,1322312.0
2022,8,2022-08-01,BG,Bulgaria,1483212.0
2022,9,2022-09-01,BG,Bulgaria,781039.0
2023,4,2023-04-01,BG,Bulgaria,471143.0
2023,5,2023-05-01,BG,Bulgaria,527412.0
2023,6,2023-06-01,BG,Bulgaria,975537.0
2023,7,2023-07-01,BG,Bulgaria,1441330.0
2023,8,2023-08-01,BG,Bulgaria,1540540.0
2023,9,2023-09-01,BG,Bulgaria,910519.0
2023,10,2023-10-01,BG,Bulgaria,493426.0
2018,1,2018-01-01,CH,Switzerland,1506303.0
2018,2,2018-02-01,CH,Switzerland,1706779.0
2018,3,2018-03-01,CH,Switzerland,1859768.0
2018,4,2018-04-01,CH,Switzerland,1565327.0
2018,5,2018-05-01,CH,Switzerland,1893023.0
2018,6,2018-06-01,CH,Switzerland,2391209.0
2018,7,2018-07-01,CH,Switzerland,3026285.0
2018,8,2018-08-01,CH,Switzerland,2992152.0
2018,9,2018-09-01,CH,Switzerland,2453027.0
2018,10,2018-10-01,CH,Switzerland,1829174.0
2018,11,2018-11-01,CH,Switzerland,1197687.0
2019,1,2019-01-01,CH,Switzerland,1488220.0
2019,2,2019-02-01,CH,Switzerland,1713785.0
2019,3,2019-03-01,CH,Switzerland,1851349.0
2019,5,2019-05-01,CH,Switzerland,1898113.0
2019,6,2019-06-01,CH,Switzerland,2506031.0
2019,7,2019-07-01,CH,Switzerland,3089848.0
2019,8,2019-08-01,CH,Switzerland,3047336.0
2019,9,2019-09-01,CH,Switzerland,2421382.0
2019,10,2019-10-01,CH,Switzerland,1873573.0
2019,11,2019-11-01,CH,Switzerland,1241863.0
2019,12,2019-12-01,CH,Switzerland,1585049.0
2020,1,2020-01-01,CH,Switzerland,1625485.0
2020,2,2020-02-01,CH,Switzerland,1812837.0
2020,3,2020-03-01,CH,Switzerland,625838.0
2020,4,2020-04-01,CH,Switzerland,69935.0
2020,5,2020-05-01,CH,Switzerland,381364.0
2020,6,2020-06-01,CH,Switzerland,1024672.0
2020,7,2020-07-01,CH,Switzerland,2446751.0
2020,8,2020-08-01,CH,Switzerland,2289718.0
2020,9,2020-09-01,CH,Switzerland,1816876.0
2020,10,2020-10-01,CH,Switzerland,1204055.0
2020,11,2020-11-01,CH,Switzerland,466110.0
2020,12,2020-12-01,CH,Switzerland,725972.0
2021,1,2021-01-01,CH,Switzerland,669939.0
2021,2,2021-02-01,CH,Switzerland,1039705.0
2021,3,2021-03-01,CH,Switzerland,953252.0
2021,4,2021-04-01,CH,Switzerland,1246621.0
2021,5,2021-05-01,CH,Switzerland,1351552.0
2021,6,2021-06-01,CH,Switzerland,1529433.0
2021,7,2021-07-01,CH,Switzerland,2418901.0
2021,8,2021-08-01,CH,Switzerland,2701414.0
2021,9,2021-09-01,CH,Switzerland,2091129.0
2021,10,2021-10-01,CH,Switzerland,1756246.0
2021,11,2021-11-01,CH,Switzerland,988958.0
2021,12,2021-12-01,CH,Switzerland,1213267.0
2022,1,2022-01-01,CH,Switzerland,1143808.0
2022,2,2022-02-01,CH,Switzerland,1498352.0
2022,3,2022-03-01,CH,Switzerland,1579258.0
2022,4,2022-04-01,CH,Switzerland,1560764.0
2022,5,2022-05-01,CH,Switzerland,1802305.0
2022,6,2022-06-01,CH,Switzerland,2367449.0
2022,7,2022-07-01,CH,Switzerland,3138471.0
2022,8,2022-08-01,CH,Switzerland,3007979.0
2022,9,2022-09-01,CH,Switzerland,2434725.0
2022,10,2022-10-01,CH,Switzerland,1940130.0
2022,11,2022-11-01,CH,Switzerland,1213711.0
2022,12,2022-12-01,CH,Switzerland,1618215.0
2023,1,2023-01-01,CH,Switzerland,1586744.0
2023,2,2023-02-01,CH,Switzerland,1739815.0
2023,3,2023-03-01,CH,Switzerland,1740746.0
2023,5,2023-05-01,CH,Switzerland,2103802.0
2023,6,2023-06-01,CH,Switzerland,2655402.0
2023,7,2023-07-01,CH,Switzerland,3269916.0
2023,8,2023-08-01,CH,Switzerland,3145074.0
2023,9,2023-09-01,CH,Switzerland,2792946.0
2018,1,2018-01-01,CY,Cyprus,81239.0
2018,2,2018-02-01,CY,Cyprus,103772.0
2018,3,2018-03-01,CY,Cyprus,166346.0
2018,4,2018-04-01,CY,Cyprus,251158.0
2018,5,2018-05-01,CY,Cyprus,354017.0
2018,6,2018-06-01,CY,Cyprus,386919.0
2018,7,2018-07-01,CY,Cyprus,414507.0
2018,8,2018-08-01,CY,Cyprus,459347.0
2018,9,2018-09-01,CY,Cyprus,383932.0
2018,10,2018-10-01,CY,Cyprus,337227.0
2018,11,2018-11-01,CY,Cyprus,133203.0
2018,12,2018-12-01,CY,Cyprus,105495.0
2019,1,2019-01-01,CY,Cyprus,90562.0
2019,2,2019-02-01,CY,Cyprus,108093.0
2019,3,2019-03-01,CY,Cyprus,164811.0
2019,4,2019-04-01,CY,Cyprus,248841.0
2019,5,2019-05-01,CY,Cyprus,339851.0
2019,6,2019-06-01,CY,Cyprus,398773.0
2019,7,2019-07-01,CY,Cyprus,428506.0
2019,8,2019-08-01,CY,Cyprus,469020.0
2019,9,2019-09-01,CY,Cyprus,368221.0
2019,10,2019-10-01,CY,Cyprus,330828.0
2019,11,2019-11-01,CY,Cyprus,156409.0
2019,12,2019-12-01,CY,Cyprus,139040.0
2020,1,2020-01-01,CY,Cyprus,117222.0
2020,2,2020-02-01,CY,Cyprus,142075.0
2020,3,2020-03-01,CY,Cyprus,53040.0
2020,4,2020-04-01,CY,Cyprus,139.0
2020,5,2020-05-01,CY,Cyprus,0.0
2020,6,2020-06-01,CY,Cyprus,69697.0
2020,7,2020-07-01,CY,Cyprus,153510.0
2020,8,2020-08-01,CY,Cyprus,235098.0
2020,9,2020-09-01,CY,Cyprus,135711.0
2020,10,2020-10-01,CY,Cyprus,130258.0
2020,11,2020-11-01,CY,Cyprus,26119.0
2020,12,2020-12-01,CY,Cyprus,43860.0
2021,1,2021-01-01,CY,Cyprus,74054.0
2021,2,2021-02-01,CY,Cyprus,11439.0
2021,3,2021-03-01,CY,Cyprus,16060.0
2021,4,2021-04-01,CY,Cyprus,34282.0
2021,5,2021-05-01,CY,Cyprus,103256.0
2021,6,2021-06-01,CY,Cyprus,269925.0
2021,7,2021-07-01,CY,Cyprus,329992.0
2021,8,2021-08-01,CY,Cyprus,432145.0
2021,9,2021-09-01,CY,Cyprus,292187.0
2021,10,2021-10-01,CY,Cyprus,341794.0
2021,11,2021-11-01,CY,Cyprus,150878.0
2021,12,2021-12-01,CY,Cyprus,116214.0
2022,1,2022-01-01,CY,Cyprus,61908.0
2022,2,2022-02-01,CY,Cyprus,75525.0
2022,3,2022-03-01,CY,Cyprus,110950.0
2022,4,2022-04-01,CY,Cyprus,223176.0
2022,5,2022-05-01,CY,Cyprus,263831.0
2022,6,2022-06-01,CY,Cyprus,348097.0
2022,7,2022-07-01,CY,Cyprus,405823.0
2022,8,2022-08-01,CY,Cyprus,429166.0
2022,9,2022-09-01,CY,Cyprus,334954.0
2022,10,2022-10-01,CY,Cyprus,320040.0
2022,11,2022-11-01,CY,Cyprus,130628.0
2022,12,2022-12-01,CY,Cyprus,118302.0
2023,1,2023-01-01,CY,Cyprus,128431.0
2023,2,2023-02-01,CY,Cyprus,152123.0
2023,3,2023-03-01,CY,Cyprus,147322.0
2023,4,2023-04-01,CY,Cyprus,242496.0
2023,5,2023-05-01,CY,Cyprus,352259.0
2023,7,2023-07-01,CY,Cyprus,449208.0
2023,8,2023-08-01,CY,Cyprus,464366.0
2023,9,2023-09-01,CY,Cyprus,369577.0
2023,10,2023-10-01,CY,Cyprus,332719.0
2018,1,2018-01-01,CZ,Czechia,1186353.0
2018,2,2018-02-01,CZ,Czechia,1266232.0
2018,3,2018-03-01,CZ,Czechia,1489273.0
2018,4,2018-04-01,CZ,Czechia,1541772.0
2018,5,2018-05-01,CZ,Czechia,1901531.0
2018,6,2018-06-01,CZ,Czechia,2042141.0
2018,7,2018-07-01,CZ,Czechia,2695017.0
2018,8,2018-08-01,CZ,Czechia,2639210.0
2018,9,2018-09-01,CZ,Czechia,1998315.0
2018,10,2018-10-01,CZ,Czechia,1705610.0
2018,11,2018-11-01,CZ,Czechia,1418147.0
2018,12,2018-12-01,CZ,Czechia,1363549.0
2019,1,2019-01-01,CZ,Czechia,1227454.0
2019,2,2019-02-01,CZ,Czechia,1307316.0
2019,3,2019-03-01,CZ,Czechia,1463054.0
2019,4,2019-04-01,CZ,Czechia,1636538.0
2019,5,2019-05-01,CZ,Czechia,1961852.0
2019,6,2019-06-01,CZ,Czechia,2177894.0
2019,7,2019-07-01,CZ,Czechia,2749636.0
2019,8,2019-08-01,CZ,Czechia,2786412.0
2019,9,2019-09-01,CZ,Czechia,2000123.0
2019,10,2019-10-01,CZ,Czechia,1815933.0
2019,11,2019-11-01,CZ,Czechia,1459432.0
2019,12,2019-12-01,CZ,Czechia,1423904.0
2020,1,2020-01-01,CZ,Czechia,1327308.0
2020,2,2020-02-01,CZ,Czechia,1358025.0
2020,3,2020-03-01,CZ,Czechia,487326.0
2020,4,2020-04-01,CZ,Czechia,18931.0
2020,5,2020-05-01,CZ,Czechia,123666.0
2020,6,2020-06-01,CZ,Czechia,893877.0
2020,7,2020-07-01,CZ,Czechia,2254054.0
2020,8,2020-08-01,CZ,Czechia,2398819.0
2020,9,2020-09-01,CZ,Czechia,1311484.0
2020,10,2020-10-01,CZ,Czechia,375123.0
2020,11,2020-11-01,CZ,Czechia,105496.0
2020,12,2020-12-01,CZ,Czechia,182335.0
2021,1,2021-01-01,CZ,Czechia,99686.0
2021,2,2021-02-01,CZ,Czechia,94229.0
2021,3,2021-03-01,CZ,Czechia,85733.0
2021,4,2021-04-01,CZ,Czechia,109394.0
2021,5,2021-05-01,CZ,Czechia,291250.0
2021,6,2021-06-01,CZ,Czechia,1127918.0
2021,7,2021-07-01,CZ,Czechia,2349282.0
2021,8,2021-08-01,CZ,Czechia,2432927.0
2021,9,2021-09-01,CZ,Czechia,1779719.0
2021,10,2021-10-01,CZ,Czechia,1424579.0
2021,11,2021-11-01,CZ,Czechia,910255.0
2021,12,2021-12-01,CZ,Czechia,678629.0
2022,1,2022-01-01,CZ,Czechia,716557.0
2022,2,2022-02-01,CZ,Czechia,982131.0
2022,3,2022-03-01,CZ,Czechia,1096712.0
2022,4,2022-04-01,CZ,Czechia,1337808.0
2022,5,2022-05-01,CZ,Czechia,1693053.0
2022,6,2022-06-01,CZ,Czechia,2017355.0
2022,7,2022-07-01,CZ,Czechia,2714809.0
2022,8,2022-08-01,CZ,Czechia,2647878.0
2022,9,2022-09-01,CZ,Czechia,1926290.0
2022,10,2022-10-01,CZ,Czechia,1708151.0
2022,11,2022-11-01,CZ,Czechia,1281760.0
2022,12,2022-12-01,CZ,Czechia,1301660.0
2023,1,2023-01-01,CZ,Czechia,1143009.0
2023,2,2023-02-01,CZ,Czechia,1259836.0
2023,3,2023-03-01,CZ,Czechia,1387443.0
2023,4,2023-04-01,CZ,Czechia,1626933.0
2023,5,2023-05-01,CZ,Czechia,1981908.0
2023,6,2023-06-01,CZ,Czechia,2161558.0
2023,7,2023-07-01,CZ,Czechia,2868921.0
2023,8,2023-08-01,CZ,Czechia,2774506.0
2023,9,2023-09-01,CZ,Czechia,2220303.0
2023,10,2023-10-01,CZ,Czechia,1820078.0
2018,1,2018-01-01,DE,Germany,9783809.0
2018,2,2018-02-01,DE,Germany,10585826.0
2018,3,2018-03-01,DE,Germany,12859535.0
2018,4,2018-04-01,DE,Germany,14140407.0
2018,5,2018-05-01,DE,Germany,17239654.0
2018,6,2018-06-01,DE,Germany,17701812.0
2018,7,2018-07-01,DE,Germany,19234729.0
2018,8,2018-08-01,DE,Germany,18806615.0
2018,9,2018-09-01,DE,Germany,17884627.0
2018,10,2018-10-01,DE,Germany,16226417.0
2018,11,2018-11-01,DE,Germany,12848296.0
2018,12,2018-12-01,DE,Germany,11930442.0
2019,1,2019-01-01,DE,Germany,9963510.0
2019,2,2019-02-01,DE,Germany,10911769.0
2019,3,2019-03-01,DE,Germany,12985143.0
2019,4,2019-04-01,DE,Germany,14951861.0
2019,5,2019-05-01,DE,Germany,17471179.0
2019,6,2019-06-01,DE,Germany,18663269.0
2019,7,2019-07-01,DE,Germany,19892238.0
2019,8,2019-08-01,DE,Germany,19615508.0
2019,9,2019-09-01,DE,Germany,17986861.0
2019,10,2019-10-01,DE,Germany,16896327.0
2019,11,2019-11-01,DE,Germany,13384338.0
2019,12,2019-12-01,DE,Germany,12399039.0
2020,1,2020-01-01,DE,Germany,10327540.0
2020,2,2020-02-01,DE,Germany,11415065.0
2020,3,2020-03-01,DE,Germany,5078440.0
2020,4,2020-04-01,DE,Germany,856574.0
2020,5,2020-05-01,DE,Germany,3318203.0
2020,6,2020-06-01,DE,Germany,8864870.0
2020,7,2020-07-01,DE,Germany,13560068.0
2020,8,2020-08-01,DE,Germany,14883539.0
2020,9,2020-09-01,DE,Germany,13302612.0
2020,10,2020-10-01,DE,Germany,10027022.0
2020,11,2020-11-01,DE,Germany,2090072.0
2020,12,2020-12-01,DE,Germany,1378718.0
2021,1,2021-01-01,DE,Germany,1320659.0
2021,2,2021-02-01,DE,Germany,1507853.0
2021,3,2021-03-01,DE,Germany,2076867.0
2021,4,2021-04-01,DE,Germany,1867546.0
2021,5,2021-05-01,DE,Germany,3759129.0
2021,6,2021-06-01,DE,Germany,8836979.0
2021,7,2021-07-01,DE,Germany,14380800.0
2021,8,2021-08-01,DE,Germany,16398533.0
2021,9,2021-09-01,DE,Germany,14812775.0
2021,10,2021-10-01,DE,Germany,14473950.0
2021,11,2021-11-01,DE,Germany,8596048.0
2021,12,2021-12-01,DE,Germany,5738428.0
2022,1,2022-01-01,DE,Germany,5040751.0
2022,2,2022-02-01,DE,Germany,6235220.0
2022,3,2022-03-01,DE,Germany,8610499.0
2022,4,2022-04-01,DE,Germany,12405555.0
2022,5,2022-05-01,DE,Germany,15792170.0
2022,6,2022-06-01,DE,Germany,17331865.0
2022,7,2022-07-01,DE,Germany,19338105.0
2022,8,2022-08-01,DE,Germany,18659275.0
2022,9,2022-09-01,DE,Germany,17128752.0
2022,10,2022-10-01,DE,Germany,15711858.0
2022,11,2022-11-01,DE,Germany,11500377.0
2022,12,2022-12-01,DE,Germany,10785555.0
2023,1,2023-01-01,DE,Germany,8781493.0
2023,2,2023-02-01,DE,Germany,9830384.0
2023,3,2023-03-01,DE,Germany,12120841.0
2023,4,2023-04-01,DE,Germany,14634439.0
2023,5,2023-05-01,DE,Germany,17561680.0
2023,6,2023-06-01,DE,Germany,18204414.0
2023,7,2023-07-01,DE,Germany,19688405.0
2023,8,2023-08-01,DE,Germany,18544716.0
2023,9,2023-09-01,DE,Germany,18698942.0
2023,10,2023-10-01,DE,Germany,16035704.0
2018,1,2018-01-01,DK,Denmark,370570.0
2018,2,2018-02-01,DK,Denmark,391844.0
2018,3,2018-03-01,DK,Denmark,521004.0
2018,4,2018-04-01,DK,Denmark,621989.0
2018,5,2018-05-01,DK,Denmark,780173.0
2018,6,2018-06-01,DK,Denmark,756515.0
2018,7,2018-07-01,DK,Denmark,1163433.0
2018,8,2018-08-01,DK,Denmark,1034366.0
2018,9,2018-09-01,DK,Denmark,711367.0
2018,10,2018-10-01,DK,Denmark,671725.0
2018,11,2018-11-01,DK,Denmark,517549.0
2018,12,2018-12-01,DK,Denmark,415843.0
2019,1,2019-01-01,DK,Denmark,384196.0
2019,2,2019-02-01,DK,Denmark,402099.0
2019,3,2019-03-01,DK,Denmark,496074.0
2019,4,2019-04-01,DK,Denmark,708904.0
2019,5,2019-05-01,DK,Denmark,776593.0
2019,6,2019-06-01,DK,Denmark,804894.0
2019,7,2019-07-01,DK,Denmark,1237441.0
2019,8,2019-08-01,DK,Denmark,1060315.0
2019,9,2019-09-01,DK,Denmark,718885.0
2019,10,2019-10-01,DK,Denmark,692902.0
2019,11,2019-11-01,DK,Denmark,533657.0
2019,12,2019-12-01,DK,Denmark,425522.0
2020,1,2020-01-01,DK,Denmark,386637.0
2020,2,2020-02-01,DK,Denmark,423260.0
2020,3,2020-03-01,DK,Denmark,202236.0
2020,4,2020-04-01,DK,Denmark,148153.0
2020,5,2020-05-01,DK,Denmark,218742.0
2020,6,2020-06-01,DK,Denmark,336583.0
2020,7,2020-07-01,DK,Denmark,1060404.0
2020,8,2020-08-01,DK,Denmark,816675.0
2020,9,2020-09-01,DK,Denmark,516250.0
2020,10,2020-10-01,DK,Denmark,492095.0
2020,11,2020-11-01,DK,Denmark,264631.0
2020,12,2020-12-01,DK,Denmark,176207.0
2021,1,2021-01-01,DK,Denmark,105131.0
2021,3,2021-03-01,DK,Denmark,186433.0
2021,4,2021-04-01,DK,Denmark,316576.0
2021,5,2021-05-01,DK,Denmark,451915.0
2021,6,2021-06-01,DK,Denmark,523077.0
2021,7,2021-07-01,DK,Denmark,1112098.0
2021,8,2021-08-01,DK,Denmark,1048511.0
2021,9,2021-09-01,DK,Denmark,770586.0
2021,10,2021-10-01,DK,Denmark,799884.0
2021,11,2021-11-01,DK,Denmark,600866.0
2021,12,2021-12-01,DK,Denmark,366502.0
2022,1,2022-01-01,DK,Denmark,244582.0
2022,2,2022-02-01,DK,Denmark,401473.0
2022,3,2022-03-01,DK,Denmark,547500.0
2022,4,2022-04-01,DK,Denmark,830188.0
2022,5,2022-05-01,DK,Denmark,875618.0
2022,6,2022-06-01,DK,Denmark,929340.0
2022,7,2022-07-01,DK,Denmark,1379916.0
2022,8,2022-08-01,DK,Denmark,1263358.0
2022,9,2022-09-01,DK,Denmark,856499.0
2022,10,2022-10-01,DK,Denmark,792769.0
2022,11,2022-11-01,DK,Denmark,607237.0
2023,1,2023-01-01,DK,Denmark,419955.0
2023,2,2023-02-01,DK,Denmark,471977.0
2023,3,2023-03-01,DK,Denmark,587611.0
2023,4,2023-04-01,DK,Denmark,824332.0
2023,5,2023-05-01,DK,Denmark,899163.0
2023,6,2023-06-01,DK,Denmark,907222.0
2023,7,2023-07-01,DK,Denmark,1295486.0
2023,8,2023-08-01,DK,Denmark,1229192.0
2023,9,2023-09-01,DK,Denmark,868780.0
2023,10,2023-10-01,DK,Denmark,791295.0
2018,1,2018-01-01,EE,Estonia,205540.0
2018,2,2018-02-01,EE,Estonia,209742.0
2018,3,2018-03-01,EE,Estonia,239423.0
2018,4,2018-04-01,EE,Estonia,250576.0
2018,5,2018-05-01,EE,Estonia,303911.0
2018,6,2018-06-01,EE,Estonia,372687.0
2018,7,2018-07-01,EE,Estonia,502931.0
2018,8,2018-08-01,EE,Estonia,448125.0
2018,9,2018-09-01,EE,Estonia,276301.0
2018,10,2018-10-01,EE,Estonia,273780.0
2018,11,2018-11-01,EE,Estonia,234604.0
2018,12,2018-12-01,EE,Estonia,273875.0
2019,1,2019-01-01,EE,Estonia,208405.0
2019,2,2019-02-01,EE,Estonia,218936.0
2019,3,2019-03-01,EE,Estonia,233384.0
2019,4,2019-04-01,EE,Estonia,262149.0
2019,5,2019-05-01,EE,Estonia,322059.0
2019,6,2019-06-01,EE,Estonia,407092.0
2019,7,2019-07-01,EE,Estonia,523645.0
2019,8,2019-08-01,EE,Estonia,487883.0
2019,9,2019-09-01,EE,Estonia,295464.0
2019,10,2019-10-01,EE,Estonia,288742.0
2019,11,2019-11-01,EE,Estonia,261857.0
2019,12,2019-12-01,EE,Estonia,280339.0
2020,1,2020-01-01,EE,Estonia,223216.0
2020,2,2020-02-01,EE,Estonia,232356.0
2020,3,2020-03-01,EE,Estonia,89719.0
2020,4,2020-04-01,EE,Estonia,12884.0
2020,5,2020-05-01,EE,Estonia,37372.0
2020,6,2020-06-01,EE,Estonia,163167.0
2020,7,2020-07-01,EE,Estonia,346692.0
2020,8,2020-08-01,EE,Estonia,330587.0
2020,9,2020-09-01,EE,Estonia,153641.0
2020,10,2020-10-01,EE,Estonia,158009.0
2020,11,2020-11-01,EE,Estonia,118120.0
2020,12,2020-12-01,EE,Estonia,106368.0
2021,1,2021-01-01,EE,Estonia,96229.0
2021,2,2021-02-01,EE,Estonia,99757.0
2021,3,2021-03-01,EE,Estonia,51185.0
2021,4,2021-04-01,EE,Estonia,58928.0
2021,5,2021-05-01,EE,Estonia,90007.0
2021,6,2021-06-01,EE,Estonia,216226.0
2021,7,2021-07-01,EE,Estonia,380716.0
2021,8,2021-08-01,EE,Estonia,341551.0
2021,9,2021-09-01,EE,Estonia,214455.0
2021,10,2021-10-01,EE,Estonia,227439.0
2021,12,2021-12-01,EE,Estonia,194589.0
2022,1,2022-01-01,EE,Estonia,157829.0
2022,4,2022-04-01,EE,Estonia,235604.0
2022,5,2022-05-01,EE,Estonia,248592.0
2022,6,2022-06-01,EE,Estonia,336963.0
2022,7,2022-07-01,EE,Estonia,479044.0
2022,8,2022-08-01,EE,Estonia,419520.0
2022,9,2022-09-01,EE,Estonia,259745.0
2023,2,2023-02-01,EE,Estonia,221666.0
2023,3,2023-03-01,EE,Estonia,226277.0
2023,5,2023-05-01,EE,Estonia,264763.0
2023,6,2023-06-01,EE,Estonia,337119.0
2023,7,2023-07-01,EE,Estonia,481498.0
2023,8,2023-08-01,EE,Estonia,428925.0
2023,9,2023-09-01,EE,Estonia,273789.0
2023,10,2023-10-01,EE,Estonia,251345.0
2018,1,2018-01-01,EL,Greece,741079.0
2018,2,2018-02-01,EL,Greece,777522.0
2018,3,2018-03-01,EL,Greece,1105872.0
2018,4,2018-04-01,EL,Greece,1979921.0
2018,5,2018-05-01,EL,Greece,3634563.0
2018,6,2018-06-01,EL,Greece,4674000.0
2018,7,2018-07-01,EL,Greece,5773088.0
2018,8,2018-08-01,EL,Greece,6094938.0
2018,9,2018-09-01,EL,Greece,4572022.0
2018,10,2018-10-01,EL,Greece,2440799.0
2018,11,2018-11-01,EL,Greece,913544.0
2018,12,2018-12-01,EL,Greece,878291.0
2019,1,2019-01-01,EL,Greece,705649.0
2019,2,2019-02-01,EL,Greece,741838.0
2019,3,2019-03-01,EL,Greece,1105878.0
2019,4,2019-04-01,EL,Greece,2081979.0
2019,5,2019-05-01,EL,Greece,3495508.0
2019,6,2019-06-01,EL,Greece,4892020.0
2019,7,2019-07-01,EL,Greece,5802978.0
2019,8,2019-08-01,EL,Greece,6421350.0
2019,9,2019-09-01,EL,Greece,4657626.0
2019,10,2019-10-01,EL,Greece,2533827.0
2019,11,2019-11-01,EL,Greece,914155.0
2019,12,2019-12-01,EL,Greece,849245.0
2020,1,2020-01-01,EL,Greece,811844.0
2020,2,2020-02-01,EL,Greece,858454.0
2020,4,2020-04-01,EL,Greece,16120.0
2020,5,2020-05-01,EL,Greece,32967.0
2020,6,2020-06-01,EL,Greece,376638.0
2020,7,2020-07-01,EL,Greece,1727507.0
2020,8,2020-08-01,EL,Greece,2786080.0
2020,9,2020-09-01,EL,Greece,1704143.0
2020,10,2020-10-01,EL,Greece,1216975.0
2020,11,2020-11-01,EL,Greece,167440.0
2021,1,2021-01-01,EL,Greece,146591.0
2021,2,2021-02-01,EL,Greece,169046.0
2021,3,2021-03-01,EL,Greece,207799.0
2021,4,2021-04-01,EL,Greece,193278.0
2021,5,2021-05-01,EL,Greece,605147.0
2021,6,2021-06-01,EL,Greece,1921447.0
2021,7,2021-07-01,EL,Greece,3765280.0
2021,8,2021-08-01,EL,Greece,4438395.0
2021,9,2021-09-01,EL,Greece,3367348.0
2021,10,2021-10-01,EL,Greece,2031275.0
2021,11,2021-11-01,EL,Greece,645128.0
2021,12,2021-12-01,EL,Greece,524613.0
2022,1,2022-01-01,EL,Greece,432152.0
2022,2,2022-02-01,EL,Greece,488775.0
2022,3,2022-03-01,EL,Greece,737333.0
2022,4,2022-04-01,EL,Greece,1818043.0
2022,5,2022-05-01,EL,Greece,3193521.0
2022,6,2022-06-01,EL,Greece,4469678.0
2022,7,2022-07-01,EL,Greece,5506656.0
2022,8,2022-08-01,EL,Greece,6222628.0
2022,9,2022-09-01,EL,Greece,4436623.0
2022,10,2022-10-01,EL,Greece,2409230.0
2022,11,2022-11-01,EL,Greece,866741.0
2022,12,2022-12-01,EL,Greece,831976.0
2023,1,2023-01-01,EL,Greece,723170.0
2023,2,2023-02-01,EL,Greece,763306.0
2023,3,2023-03-01,EL,Greece,1137745.0
2023,4,2023-04-01,EL,Greece,2124030.0
2023,5,2023-05-01,EL,Greece,3612574.0
2023,6,2023-06-01,EL,Greece,5044976.0
2023,7,2023-07-01,EL,Greece,6016228.0
2023,8,2023-08-01,EL,Greece,6611695.0
2023,9,2023-09-01,EL,Greece,4784951.0
2023,10,2023-10-01,EL,Greece,2681759.0
2018,1,2018-01-01,ES,Spain,6011597.0
2018,2,2018-02-01,ES,Spain,6860877.0
2018,3,2018-03-01,ES,Spain,9195525.0
2018,4,2018-04-01,ES,Spain,10358185.0
2018,5,2018-05-01,ES,Spain,12154208.0
2018,6,2018-06-01,ES,Spain,13666452.0
2018,7,2018-07-01,ES,Spain,15466432.0
2018,8,2018-08-01,ES,Spain,16935719.0
2018,9,2018-09-01,ES,Spain,13641100.0
2018,10,2018-10-01,ES,Spain,11523981.0
2018,11,2018-11-01,ES,Spain,7668477.0
2018,12,2018-12-01,ES,Spain,7332142.0
2019,1,2019-01-01,ES,Spain,6109368.0
2019,2,2019-02-01,ES,Spain,7016000.0
2019,3,2019-03-01,ES,Spain,8923506.0
2019,4,2019-04-01,ES,Spain,11232669.0
2019,5,2019-05-01,ES,Spain,12737373.0
2019,6,2019-06-01,ES,Spain,14416631.0
2019,7,2019-07-01,ES,Spain,15933094.0
2019,8,2019-08-01,ES,Spain,17738068.0
2019,9,2019-09-01,ES,Spain,13645499.0
2019,10,2019-10-01,ES,Spain,11578144.0
2019,11,2019-11-01,ES,Spain,7886628.0
2019,12,2019-12-01,ES,Spain,7490821.0
2020,1,2020-01-01,ES,Spain,6515011.0
2020,2,2020-02-01,ES,Spain,7643820.0
2020,3,2020-03-01,ES,Spain,3018156.0
2020,4,2020-04-01,ES,Spain,0.0
2020,5,2020-05-01,ES,Spain,141129.0
2020,6,2020-06-01,ES,Spain,1549481.0
2020,7,2020-07-01,ES,Spain,6716215.0
2020,8,2020-08-01,ES,Spain,8946303.0
2020,9,2020-09-01,ES,Spain,4825722.0
2020,10,2020-10-01,ES,Spain,3119549.0
2020,11,2020-11-01,ES,Spain,1395880.0
2020,12,2020-12-01,ES,Spain,1742777.0
2021,1,2021-01-01,ES,Spain,1319840.0
2021,2,2021-02-01,ES,Spain,1345411.0
2021,3,2021-03-01,ES,Spain,2215210.0
2021,4,2021-04-01,ES,Spain,2635901.0
2021,5,2021-05-01,ES,Spain,4512672.0
2021,6,2021-06-01,ES,Spain,7727371.0
2021,7,2021-07-01,ES,Spain,12250355.0
2021,8,2021-08-01,ES,Spain,14952436.0
2021,9,2021-09-01,ES,Spain,10810719.0
2021,10,2021-10-01,ES,Spain,10284200.0
2021,11,2021-11-01,ES,Spain,6534589.0
2021,12,2021-12-01,ES,Spain,6100656.0
2022,1,2022-01-01,ES,Spain,4653461.0
2022,2,2022-02-01,ES,Spain,6290072.0
2022,3,2022-03-01,ES,Spain,7357704.0
2022,4,2022-04-01,ES,Spain,11254137.0
2022,5,2022-05-01,ES,Spain,12602782.0
2022,6,2022-06-01,ES,Spain,14498774.0
2022,7,2022-07-01,ES,Spain,17024595.0
2022,8,2022-08-01,ES,Spain,17970753.0
2022,9,2022-09-01,ES,Spain,14212060.0
2022,10,2022-10-01,ES,Spain,12092612.0
2022,11,2022-11-01,ES,Spain,7591545.0
2022,12,2022-12-01,ES,Spain,7464923.0
2023,1,2023-01-01,ES,Spain,6493933.0
2023,2,2023-02-01,ES,Spain,7221429.0
2023,3,2023-03-01,ES,Spain,9000086.0
2023,4,2023-04-01,ES,Spain,12815947.0
2023,5,2023-05-01,ES,Spain,13391814.0
2023,6,2023-06-01,ES,Spain,14975318.0
2023,7,2023-07-01,ES,Spain,17406352.0
2023,8,2023-08-01,ES,Spain,18404303.0
2023,9,2023-09-01,ES,Spain,14994519.0
2023,10,2023-10-01,ES,Spain,12906052.0
2023,11,2023-11-01,ES,Spain,8219255.0
2018,1,2018-01-01,FI,Finland,764267.0
2018,2,2018-02-01,FI,Finland,840023.0
2018,3,2018-03-01,FI,Finland,932429.0
2018,4,2018-04-01,FI,Finland,803978.0
2018,5,2018-05-01,FI,Finland,855610.0
2018,6,2018-06-01,FI,Finland,1201823.0
2018,7,2018-07-01,FI,Finland,1694108.0
2018,8,2018-08-01,FI,Finland,1305985.0
2018,9,2018-09-01,FI,Finland,958769.0
2018,10,2018-10-01,FI,Finland,879716.0
2018,11,2018-11-01,FI,Finland,847019.0
2018,12,2018-12-01,FI,Finland,883390.0
2019,1,2019-01-01,FI,Finland,770653.0
2019,2,2019-02-01,FI,Finland,871838.0
2019,3,2019-03-01,FI,Finland,936341.0
2019,4,2019-04-01,FI,Finland,826876.0
2019,5,2019-05-01,FI,Finland,895517.0
2019,6,2019-06-01,FI,Finland,1271849.0
2019,7,2019-07-01,FI,Finland,1818502.0
2019,8,2019-08-01,FI,Finland,1344966.0
2019,9,2019-09-01,FI,Finland,997778.0
2019,10,2019-10-01,FI,Finland,919882.0
2019,11,2019-11-01,FI,Finland,895439.0
2019,12,2019-12-01,FI,Finland,877036.0
2020,1,2020-01-01,FI,Finland,848606.0
2020,2,2020-02-01,FI,Finland,914449.0
2020,3,2020-03-01,FI,Finland,436404.0
2020,4,2020-04-01,FI,Finland,65263.0
2020,5,2020-05-01,FI,Finland,118575.0
2020,6,2020-06-01,FI,Finland,599450.0
2020,7,2020-07-01,FI,Finland,1502826.0
2020,8,2020-08-01,FI,Finland,943487.0
2020,9,2020-09-01,FI,Finland,627508.0
2020,10,2020-10-01,FI,Finland,554200.0
2020,11,2020-11-01,FI,Finland,403573.0
2020,12,2020-12-01,FI,Finland,327841.0
2021,1,2021-01-01,FI,Finland,310104.0
2021,2,2021-02-01,FI,Finland,402120.0
2021,3,2021-03-01,FI,Finland,325538.0
2021,4,2021-04-01,FI,Finland,318200.0
2021,5,2021-05-01,FI,Finland,422907.0
2021,6,2021-06-01,FI,Finland,933498.0
2021,7,2021-07-01,FI,Finland,1900958.0
2021,8,2021-08-01,FI,Finland,1131294.0
2021,9,2021-09-01,FI,Finland,827919.0
2021,10,2021-10-01,FI,Finland,910394.0
2021,11,2021-11-01,FI,Finland,761050.0
2021,12,2021-12-01,FI,Finland,730693.0
2022,1,2022-01-01,FI,Finland,424871.0
2022,2,2022-02-01,FI,Finland,630123.0
2022,3,2022-03-01,FI,Finland,819175.0
2022,4,2022-04-01,FI,Finland,841440.0
2022,5,2022-05-01,FI,Finland,848794.0
2022,6,2022-06-01,FI,Finland,1192374.0
2022,7,2022-07-01,FI,Finland,1812605.0
2022,8,2022-08-01,FI,Finland,1279516.0
2022,9,2022-09-01,FI,Finland,1032265.0
2022,10,2022-10-01,FI,Finland,930253.0
2022,11,2022-11-01,FI,Finland,834101.0
2022,12,2022-12-01,FI,Finland,887506.0
2023,1,2023-01-01,FI,Finland,761871.0
2023,2,2023-02-01,FI,Finland,857934.0
2023,3,2023-03-01,FI,Finland,936269.0
2023,4,2023-04-01,FI,Finland,818413.0
2023,5,2023-05-01,FI,Finland,880959.0
2023,6,2023-06-01,FI,Finland,1245472.0
2023,7,2023-07-01,FI,Finland,1801049.0
2023,8,2023-08-01,FI,Finland,1269319.0
2023,9,2023-09-01,FI,Finland,1023124.0
2023,10,2023-10-01,FI,Finland,914314.0
2023,11,2023-11-01,FI,Finland,837860.0
2018,1,2018-01-01,FR,France,8739640.0
2018,2,2018-02-01,FR,France,9362390.0
2018,3,2018-03-01,FR,France,11722621.0
2018,4,2018-04-01,FR,France,13275602.0
2018,5,2018-05-01,FR,France,15774208.0
2018,6,2018-06-01,FR,France,17509752.0
2018,7,2018-07-01,FR,France,22826157.0
2018,8,2018-08-01,FR,France,24274193.0
2018,9,2018-09-01,FR,France,16325903.0
2018,10,2018-10-01,FR,France,12253884.0
2018,11,2018-11-01,FR,France,9549416.0
2018,12,2018-12-01,FR,France,9862123.0
2019,1,2019-01-01,FR,France,8747179.0
2019,2,2019-02-01,FR,France,9616276.0
2019,3,2019-03-01,FR,France,11228915.0
2019,4,2019-04-01,FR,France,14732308.0
2019,5,2019-05-01,FR,France,15103389.0
2019,6,2019-06-01,FR,France,18875824.0
2019,7,2019-07-01,FR,France,22999611.0
2019,8,2019-08-01,FR,France,24913408.0
2019,9,2019-09-01,FR,France,21620177.0
2019,10,2019-10-01,FR,France,12215367.0
2019,11,2019-11-01,FR,France,10720452.0
2019,12,2019-12-01,FR,France,9945021.0
2020,1,2020-01-01,FR,France,9085421.0
2020,2,2020-02-01,FR,France,10016363.0
2020,3,2020-03-01,FR,France,4768321.0
2020,4,2020-04-01,FR,France,492017.0
2020,5,2020-05-01,FR,France,992701.0
2020,6,2020-06-01,FR,France,6458510.0
2020,7,2020-07-01,FR,France,16689390.0
2020,8,2020-08-01,FR,France,20101890.0
2020,9,2020-09-01,FR,France,10686234.0
2020,10,2020-10-01,FR,France,6741654.0
2020,11,2020-11-01,FR,France,2531134.0
2021,1,2021-01-01,FR,France,3321454.0
2021,2,2021-02-01,FR,France,3730799.0
2021,3,2021-03-01,FR,France,3843661.0
2021,4,2021-04-01,FR,France,3558615.0
2021,5,2021-05-01,FR,France,7824752.0
2021,7,2021-07-01,FR,France,20430635.0
2021,8,2021-08-01,FR,France,21490041.0
2021,9,2021-09-01,FR,France,14166236.0
2021,10,2021-10-01,FR,France,10849012.0
2021,11,2021-11-01,FR,France,8478913.0
2021,12,2021-12-01,FR,France,8475975.0
2022,1,2022-01-01,FR,France,6665579.0
2022,2,2022-02-01,FR,France,8388951.0
2022,3,2022-03-01,FR,France,9603897.0
2022,4,2022-04-01,FR,France,13361387.0
2022,5,2022-05-01,FR,France,15724803.0
2022,6,2022-06-01,FR,France,17909410.0
2022,7,2022-07-01,FR,France,24234501.0
2022,8,2022-08-01,FR,France,23956225.0
2022,9,2022-09-01,FR,France,16278495.0
2022,10,2022-10-01,FR,France,11858345.0
2022,11,2022-11-01,FR,France,9254565.0
2022,12,2022-12-01,FR,France,9975897.0
2023,1,2023-01-01,FR,France,8858338.0
2023,2,2023-02-01,FR,France,9436816.0
2023,3,2023-03-01,FR,France,10260362.0
2023,4,2023-04-01,FR,France,14943930.0
2023,5,2023-05-01,FR,France,17423502.0
2023,6,2023-06-01,FR,France,18683598.0
2023,7,2023-07-01,FR,France,24568068.0
2023,8,2023-08-01,FR,France,25136491.0
2023,9,2023-09-01,FR,France,17847348.0
2023,10,2023-10-01,FR,France,12144089.0
2018,1,2018-01-01,HR,Croatia,210575.0
2018,2,2018-02-01,HR,Croatia,219167.0
2018,3,2018-03-01,HR,Croatia,440255.0
2018,4,2018-04-01,HR,Croatia,950314.0
2018,5,2018-05-01,HR,Croatia,1641784.0
2018,6,2018-06-01,HR,Croatia,2625937.0
2018,7,2018-07-01,HR,Croatia,4323635.0
2018,8,2018-08-01,HR,Croatia,4362735.0
2018,9,2018-09-01,HR,Croatia,2189770.0
2018,10,2018-10-01,HR,Croatia,963084.0
2018,11,2018-11-01,HR,Croatia,372302.0
2018,12,2018-12-01,HR,Croatia,349379.0
2019,1,2019-01-01,HR,Croatia,207613.0
2019,2,2019-02-01,HR,Croatia,264471.0
2019,3,2019-03-01,HR,Croatia,449555.0
2019,4,2019-04-01,HR,Croatia,1105724.0
2019,5,2019-05-01,HR,Croatia,1568924.0
2019,6,2019-06-01,HR,Croatia,2919819.0
2019,7,2019-07-01,HR,Croatia,4321277.0
2019,8,2019-08-01,HR,Croatia,4707875.0
2019,9,2019-09-01,HR,Croatia,2169461.0
2019,10,2019-10-01,HR,Croatia,1075831.0
2019,11,2019-11-01,HR,Croatia,390810.0
2019,12,2019-12-01,HR,Croatia,372135.0
2020,1,2020-01-01,HR,Croatia,219726.0
2020,2,2020-02-01,HR,Croatia,278714.0
2020,3,2020-03-01,HR,Croatia,104385.0
2020,4,2020-04-01,HR,Croatia,2241.0
2020,5,2020-05-01,HR,Croatia,62040.0
2020,6,2020-06-01,HR,Croatia,797499.0
2020,7,2020-07-01,HR,Croatia,2244495.0
2020,8,2020-08-01,HR,Croatia,2466228.0
2020,9,2020-09-01,HR,Croatia,487917.0
2020,10,2020-10-01,HR,Croatia,184489.0
2020,11,2020-11-01,HR,Croatia,87197.0
2020,12,2020-12-01,HR,Croatia,62451.0
2021,1,2021-01-01,HR,Croatia,87634.0
2021,2,2021-02-01,HR,Croatia,104065.0
2021,3,2021-03-01,HR,Croatia,132604.0
2021,4,2021-04-01,HR,Croatia,219583.0
2021,5,2021-05-01,HR,Croatia,407124.0
2021,6,2021-06-01,HR,Croatia,1370080.0
2021,7,2021-07-01,HR,Croatia,3531014.0
2021,8,2021-08-01,HR,Croatia,4065400.0
2021,9,2021-09-01,HR,Croatia,1760130.0
2021,10,2021-10-01,HR,Croatia,636693.0
2021,11,2021-11-01,HR,Croatia,220466.0
2021,12,2021-12-01,HR,Croatia,235961.0
2022,1,2022-01-01,HR,Croatia,172813.0
2022,2,2022-02-01,HR,Croatia,225448.0
2022,3,2022-03-01,HR,Croatia,314872.0
2022,4,2022-04-01,HR,Croatia,832563.0
2022,5,2022-05-01,HR,Croatia,1230878.0
2022,6,2022-06-01,HR,Croatia,2658171.0
2022,7,2022-07-01,HR,Croatia,4339175.0
2022,8,2022-08-01,HR,Croatia,4376957.0
2022,9,2022-09-01,HR,Croatia,2072946.0
2022,10,2022-10-01,HR,Croatia,891762.0
2022,11,2022-11-01,HR,Croatia,324118.0
2022,12,2022-12-01,HR,Croatia,329442.0
2023,1,2023-01-01,HR,Croatia,228788.0
2023,2,2023-02-01,HR,Croatia,272438.0
2023,3,2023-03-01,HR,Croatia,424191.0
2023,4,2023-04-01,HR,Croatia,1090608.0
2023,5,2023-05-01,HR,Croatia,1624019.0
2023,6,2023-06-01,HR,Croatia,2732647.0
2023,7,2023-07-01,HR,Croatia,4506216.0
2023,8,2023-08-01,HR,Croatia,4434102.0
2023,9,2023-09-01,HR,Croatia,2390861.0
2023,10,2023-10-01,HR,Croatia,1024654.0
2018,1,2018-01-01,HU,Hungary,649248.0
2018,2,2018-02-01,HU,Hungary,700288.0
2018,3,2018-03-01,HU,Hungary,901203.0
2018,4,2018-04-01,HU,Hungary,974670.0
2018,5,2018-05-01,HU,Hungary,1198319.0
2018,6,2018-06-01,HU,Hungary,1319154.0
2018,7,2018-07-01,HU,Hungary,1669740.0
2018,8,2018-08-01,HU,Hungary,1727259.0
2018,9,2018-09-01,HU,Hungary,1154255.0
2018,10,2018-10-01,HU,Hungary,1067862.0
2018,11,2018-11-01,HU,Hungary,905220.0
2018,12,2018-12-01,HU,Hungary,848838.0
2019,1,2019-01-01,HU,Hungary,661838.0
2019,2,2019-02-01,HU,Hungary,719682.0
2019,3,2019-03-01,HU,Hungary,880820.0
2019,4,2019-04-01,HU,Hungary,1005628.0
2019,5,2019-05-01,HU,Hungary,1211831.0
2019,6,2019-06-01,HU,Hungary,1379973.0
2019,7,2019-07-01,HU,Hungary,1653503.0
2019,8,2019-08-01,HU,Hungary,1797034.0
2019,9,2019-09-01,HU,Hungary,1154929.0
2019,10,2019-10-01,HU,Hungary,1133075.0
2019,11,2019-11-01,HU,Hungary,948499.0
2019,12,2019-12-01,HU,Hungary,907475.0
2020,1,2020-01-01,HU,Hungary,760250.0
2020,2,2020-02-01,HU,Hungary,770680.0
2020,3,2020-03-01,HU,Hungary,298646.0
2020,4,2020-04-01,HU,Hungary,25688.0
2020,5,2020-05-01,HU,Hungary,90886.0
2020,6,2020-06-01,HU,Hungary,380504.0
2020,7,2020-07-01,HU,Hungary,1000320.0
2020,8,2020-08-01,HU,Hungary,1218948.0
2020,9,2020-09-01,HU,Hungary,479654.0
2020,10,2020-10-01,HU,Hungary,432439.0
2020,11,2020-11-01,HU,Hungary,119811.0
2020,12,2020-12-01,HU,Hungary,52889.0
2021,1,2021-01-01,HU,Hungary,62515.0
2021,2,2021-02-01,HU,Hungary,73718.0
2021,3,2021-03-01,HU,Hungary,78700.0
2021,4,2021-04-01,HU,Hungary,78781.0
2021,5,2021-05-01,HU,Hungary,287489.0
2021,6,2021-06-01,HU,Hungary,625738.0
2021,7,2021-07-01,HU,Hungary,1163004.0
2021,8,2021-08-01,HU,Hungary,1376358.0
2021,9,2021-09-01,HU,Hungary,882019.0
2021,10,2021-10-01,HU,Hungary,818888.0
2021,11,2021-11-01,HU,Hungary,578171.0
2021,12,2021-12-01,HU,Hungary,540489.0
2022,1,2022-01-01,HU,Hungary,497280.0
2022,2,2022-02-01,HU,Hungary,568852.0
2022,3,2022-03-01,HU,Hungary,724467.0
2022,4,2022-04-01,HU,Hungary,841614.0
2022,5,2022-05-01,HU,Hungary,957560.0
2022,6,2022-06-01,HU,Hungary,1180828.0
2022,7,2022-07-01,HU,Hungary,1519838.0
2022,8,2022-08-01,HU,Hungary,1586400.0
2022,9,2022-09-01,HU,Hungary,1013873.0
2022,10,2022-10-01,HU,Hungary,917500.0
2022,11,2022-11-01,HU,Hungary,735218.0
2022,12,2022-12-01,HU,Hungary,743769.0
2023,1,2023-01-01,HU,Hungary,578280.0
2023,2,2023-02-01,HU,Hungary,560128.0
2023,3,2023-03-01,HU,Hungary,682448.0
2023,4,2023-04-01,HU,Hungary,867190.0
2023,5,2023-05-01,HU,Hungary,998334.0
2023,6,2023-06-01,HU,Hungary,1216535.0
2023,7,2023-07-01,HU,Hungary,1567576.0
2023,8,2023-08-01,HU,Hungary,1643869.0
2023,9,2023-09-01,HU,Hungary,1105323.0
2023,10,2023-10-01,HU,Hungary,983988.0
2023,11,2023-11-01,HU,Hungary,826224.0
2018,1,2018-01-01,IT,Italy,5462541.0
2018,2,2018-02-01,IT,Italy,6324516.0
2018,3,2018-03-01,IT,Italy,8179351.0
2018,4,2018-04-01,IT,Italy,10062451.0
2018,5,2018-05-01,IT,Italy,12021528.0
2018,6,2018-06-01,IT,Italy,14970839.0
2018,7,2018-07-01,IT,Italy,16904374.0
2018,8,2018-08-01,IT,Italy,17626911.0
2018,9,2018-09-01,IT,Italy,13479976.0
2018,10,2018-10-01,IT,Italy,9239898.0
2018,11,2018-11-01,IT,Italy,6092158.0
2018,12,2018-12-01,IT,Italy,6746571.0
2019,1,2019-01-01,IT,Italy,5756225.0
2019,2,2019-02-01,IT,Italy,6324484.0
2019,3,2019-03-01,IT,Italy,8022013.0
2019,4,2019-04-01,IT,Italy,10877013.0
2019,5,2019-05-01,IT,Italy,11443310.0
2019,6,2019-06-01,IT,Italy,15939946.0
2019,7,2019-07-01,IT,Italy,17391322.0
2019,8,2019-08-01,IT,Italy,18625929.0
2019,9,2019-09-01,IT,Italy,13616617.0
2019,10,2019-10-01,IT,Italy,10088425.0
2019,11,2019-11-01,IT,Italy,6398343.0
2019,12,2019-12-01,IT,Italy,6898026.0
2020,1,2020-01-01,IT,Italy,6197405.0
2020,2,2020-02-01,IT,Italy,5973835.0
2020,3,2020-03-01,IT,Italy,811074.0
2020,4,2020-04-01,IT,Italy,78747.0
2020,5,2020-05-01,IT,Italy,515876.0
2020,6,2020-06-01,IT,Italy,3815585.0
2020,7,2020-07-01,IT,Italy,9745648.0
2020,8,2020-08-01,IT,Italy,14315376.0
2020,9,2020-09-01,IT,Italy,8276252.0
2020,10,2020-10-01,IT,Italy,3962805.0
2020,11,2020-11-01,IT,Italy,991649.0
2020,12,2020-12-01,IT,Italy,1017886.0
2021,1,2021-01-01,IT,Italy,1077992.0
2021,2,2021-02-01,IT,Italy,1616787.0
2021,3,2021-03-01,IT,Italy,1282589.0
2021,4,2021-04-01,IT,Italy,1390210.0
2021,5,2021-05-01,IT,Italy,4224593.0
2021,6,2021-06-01,IT,Italy,8878216.0
2021,7,2021-07-01,IT,Italy,14791631.0
2021,8,2021-08-01,IT,Italy,16759492.0
2021,9,2021-09-01,IT,Italy,11044624.0
2021,10,2021-10-01,IT,Italy,8419240.0
2021,11,2021-11-01,IT,Italy,4365064.0
2021,12,2021-12-01,IT,Italy,4820529.0
2022,1,2022-01-01,IT,Italy,3705612.0
2022,2,2022-02-01,IT,Italy,4593498.0
2022,3,2022-03-01,IT,Italy,5361749.0
2022,4,2022-04-01,IT,Italy,9000924.0
2022,5,2022-05-01,IT,Italy,10227273.0
2022,6,2022-06-01,IT,Italy,15031822.0
2022,7,2022-07-01,IT,Italy,18085838.0
2022,8,2022-08-01,IT,Italy,17643027.0
2022,9,2022-09-01,IT,Italy,13247341.0
2022,10,2022-10-01,IT,Italy,9878751.0
2022,11,2022-11-01,IT,Italy,5387311.0
2022,12,2022-12-01,IT,Italy,6351487.0
2023,1,2023-01-01,IT,Italy,5733962.0
2023,2,2023-02-01,IT,Italy,5795595.0
2023,3,2023-03-01,IT,Italy,6848069.0
2023,4,2023-04-01,IT,Italy,10394229.0
2023,5,2023-05-01,IT,Italy,10913487.0
2023,6,2023-06-01,IT,Italy,14579843.0
2023,7,2023-07-01,IT,Italy,17036797.0
2023,8,2023-08-01,IT,Italy,17668546.0
2023,9,2023-09-01,IT,Italy,13999849.0
2023,10,2023-10-01,IT,Italy,9703372.0
2018,1,2018-01-01,LT,Lithuania,196903.0
2018,2,2018-02-01,LT,Lithuania,186349.0
2018,3,2018-03-01,LT,Lithuania,215224.0
2018,4,2018-04-01,LT,Lithuania,253334.0
2018,5,2018-05-01,LT,Lithuania,325564.0
2018,6,2018-06-01,LT,Lithuania,395411.0
2018,7,2018-07-01,LT,Lithuania,479019.0
2018,8,2018-08-01,LT,Lithuania,492501.0
2018,9,2018-09-01,LT,Lithuania,332831.0
2018,10,2018-10-01,LT,Lithuania,265485.0
2018,11,2018-11-01,LT,Lithuania,235322.0
2018,12,2018-12-01,LT,Lithuania,242447.0
2019,1,2019-01-01,LT,Lithuania,215715.0
2019,2,2019-02-01,LT,Lithuania,206950.0
2019,3,2019-03-01,LT,Lithuania,245011.0
2019,4,2019-04-01,LT,Lithuania,279283.0
2019,5,2019-05-01,LT,Lithuania,376926.0
2019,6,2019-06-01,LT,Lithuania,441083.0
2019,7,2019-07-01,LT,Lithuania,521698.0
2019,8,2019-08-01,LT,Lithuania,547086.0
2019,9,2019-09-01,LT,Lithuania,369317.0
2019,10,2019-10-01,LT,Lithuania,295080.0
2019,11,2019-11-01,LT,Lithuania,263791.0
2019,12,2019-12-01,LT,Lithuania,275536.0
2020,1,2020-01-01,LT,Lithuania,213368.0
2020,2,2020-02-01,LT,Lithuania,211790.0
2020,3,2020-03-01,LT,Lithuania,102769.0
2020,4,2020-04-01,LT,Lithuania,20572.0
2020,5,2020-05-01,LT,Lithuania,53327.0
2020,6,2020-06-01,LT,Lithuania,207069.0
2020,7,2020-07-01,LT,Lithuania,386917.0
2020,8,2020-08-01,LT,Lithuania,403603.0
2020,9,2020-09-01,LT,Lithuania,230953.0
2020,10,2020-10-01,LT,Lithuania,186523.0
2020,11,2020-11-01,LT,Lithuania,78792.0
2020,12,2020-12-01,LT,Lithuania,45944.0
2021,1,2021-01-01,LT,Lithuania,31857.0
2021,2,2021-02-01,LT,Lithuania,38990.0
2021,3,2021-03-01,LT,Lithuania,51782.0
2021,4,2021-04-01,LT,Lithuania,81422.0
2021,5,2021-05-01,LT,Lithuania,145581.0
2021,6,2021-06-01,LT,Lithuania,265706.0
2021,7,2021-07-01,LT,Lithuania,447745.0
2021,8,2021-08-01,LT,Lithuania,447959.0
2021,9,2021-09-01,LT,Lithuania,281028.0
2021,10,2021-10-01,LT,Lithuania,240035.0
2021,11,2021-11-01,LT,Lithuania,207881.0
2021,12,2021-12-01,LT,Lithuania,228008.0
2022,1,2022-01-01,LT,Lithuania,186062.0
2022,2,2022-02-01,LT,Lithuania,193345.0
2022,3,2022-03-01,LT,Lithuania,224146.0
2022,4,2022-04-01,LT,Lithuania,263629.0
2022,5,2022-05-01,LT,Lithuania,308983.0
2022,6,2022-06-01,LT,Lithuania,419217.0
2022,7,2022-07-01,LT,Lithuania,533760.0
2022,8,2022-08-01,LT,Lithuania,533760.0
2022,9,2022-09-01,LT,Lithuania,330510.0
2022,10,2022-10-01,LT,Lithuania,293114.0
2022,11,2022-11-01,LT,Lithuania,259582.0
2022,12,2022-12-01,LT,Lithuania,270256.0
2023,1,2023-01-01,LT,Lithuania,193713.0
2023,2,2023-02-01,LT,Lithuania,185154.0
2023,3,2023-03-01,LT,Lithuania,207853.0
2023,4,2023-04-01,LT,Lithuania,279577.0
2023,5,2023-05-01,LT,Lithuania,329971.0
2023,6,2023-06-01,LT,Lithuania,423217.0
2023,7,2023-07-01,LT,Lithuania,548826.0
2023,8,2023-08-01,LT,Lithuania,543424.0
2023,9,2023-09-01,LT,Lithuania,344696.0
2023,10,2023-10-01,LT,Lithuania,289274.0
2018,1,2018-01-01,LV,Latvia,149304.0
2018,2,2018-02-01,LV,Latvia,136166.0
2018,3,2018-03-01,LV,Latvia,168757.0
2018,4,2018-04-01,LV,Latvia,203702.0
2018,5,2018-05-01,LV,Latvia,253151.0
2018,6,2018-06-01,LV,Latvia,315479.0
2018,7,2018-07-01,LV,Latvia,392888.0
2018,8,2018-08-01,LV,Latvia,388438.0
2018,9,2018-09-01,LV,Latvia,245539.0
2018,10,2018-10-01,LV,Latvia,206347.0
2018,11,2018-11-01,LV,Latvia,169283.0
2018,12,2018-12-01,LV,Latvia,179754.0
2019,1,2019-01-01,LV,Latvia,149946.0
2019,2,2019-02-01,LV,Latvia,138368.0
2019,3,2019-03-01,LV,Latvia,171599.0
2019,4,2019-04-01,LV,Latvia,205632.0
2019,5,2019-05-01,LV,Latvia,260171.0
2019,6,2019-06-01,LV,Latvia,315255.0
2019,7,2019-07-01,LV,Latvia,400232.0
2019,8,2019-08-01,LV,Latvia,388483.0
2019,9,2019-09-01,LV,Latvia,243056.0
2019,10,2019-10-01,LV,Latvia,210559.0
2019,11,2019-11-01,LV,Latvia,181350.0
2019,12,2019-12-01,LV,Latvia,188682.0
2020,1,2020-01-01,LV,Latvia,163822.0
2020,2,2020-02-01,LV,Latvia,156083.0
2020,3,2020-03-01,LV,Latvia,79643.0
2020,4,2020-04-01,LV,Latvia,13169.0
2020,5,2020-05-01,LV,Latvia,30020.0
2020,6,2020-06-01,LV,Latvia,127569.0
2020,7,2020-07-01,LV,Latvia,298927.0
2020,8,2020-08-01,LV,Latvia,300192.0
2020,9,2020-09-01,LV,Latvia,110183.0
2020,10,2020-10-01,LV,Latvia,90139.0
2020,11,2020-11-01,LV,Latvia,50321.0
2020,12,2020-12-01,LV,Latvia,42897.0
2021,1,2021-01-01,LV,Latvia,37811.0
2021,2,2021-02-01,LV,Latvia,45188.0
2021,3,2021-03-01,LV,Latvia,48227.0
2021,4,2021-04-01,LV,Latvia,52130.0
2021,5,2021-05-01,LV,Latvia,72411.0
2021,6,2021-06-01,LV,Latvia,122329.0
2021,7,2021-07-01,LV,Latvia,256777.0
2021,8,2021-08-01,LV,Latvia,255555.0
2021,9,2021-09-01,LV,Latvia,149635.0
2021,10,2021-10-01,LV,Latvia,107749.0
2021,11,2021-11-01,LV,Latvia,65958.0
2021,12,2021-12-01,LV,Latvia,92818.0
2022,1,2022-01-01,LV,Latvia,79282.0
2022,2,2022-02-01,LV,Latvia,88324.0
2022,3,2022-03-01,LV,Latvia,108829.0
2022,4,2022-04-01,LV,Latvia,145044.0
2022,5,2022-05-01,LV,Latvia,165334.0
2022,6,2022-06-01,LV,Latvia,245937.0
2022,7,2022-07-01,LV,Latvia,344168.0
2022,8,2022-08-01,LV,Latvia,336673.0
2022,9,2022-09-01,LV,Latvia,196330.0
2022,10,2022-10-01,LV,Latvia,177993.0
2022,11,2022-11-01,LV,Latvia,136240.0
2022,12,2022-12-01,LV,Latvia,147915.0
2023,1,2023-01-01,LV,Latvia,120117.0
2023,2,2023-02-01,LV,Latvia,128560.0
2023,3,2023-03-01,LV,Latvia,138234.0
2023,4,2023-04-01,LV,Latvia,169236.0
2023,5,2023-05-01,LV,Latvia,202080.0
2023,6,2023-06-01,LV,Latvia,261210.0
2023,7,2023-07-01,LV,Latvia,373781.0
2023,8,2023-08-01,LV,Latvia,335590.0
2023,9,2023-09-01,LV,Latvia,176028.0
2018,1,2018-01-01,NL,Netherlands,2503835.0
2018,2,2018-02-01,NL,Netherlands,2489745.0
2018,3,2018-03-01,NL,Netherlands,3132949.0
2018,4,2018-04-01,NL,Netherlands,3906818.0
2018,5,2018-05-01,NL,Netherlands,4567176.0
2018,6,2018-06-01,NL,Netherlands,4209548.0
2018,7,2018-07-01,NL,Netherlands,4545825.0
2018,8,2018-08-01,NL,Netherlands,4946917.0
2018,9,2018-09-01,NL,Netherlands,3991324.0
2018,10,2018-10-01,NL,Netherlands,3966967.0
2018,11,2018-11-01,NL,Netherlands,2959438.0
2018,12,2018-12-01,NL,Netherlands,2692055.0
2019,1,2019-01-01,NL,Netherlands,2458288.0
2019,2,2019-02-01,NL,Netherlands,2565321.0
2019,3,2019-03-01,NL,Netherlands,3288996.0
2019,4,2019-04-01,NL,Netherlands,4306979.0
2019,5,2019-05-01,NL,Netherlands,4192720.0
2019,6,2019-06-01,NL,Netherlands,4893618.0
2019,7,2019-07-01,NL,Netherlands,4704101.0
2019,8,2019-08-01,NL,Netherlands,5142590.0
2019,9,2019-09-01,NL,Netherlands,4165338.0
2019,10,2019-10-01,NL,Netherlands,4086684.0
2019,11,2019-11-01,NL,Netherlands,3193644.0
2019,12,2019-12-01,NL,Netherlands,2917702.0
2020,1,2020-01-01,NL,Netherlands,2622000.0
2020,2,2020-02-01,NL,Netherlands,2811267.0
2020,3,2020-03-01,NL,Netherlands,1426047.0
2020,4,2020-04-01,NL,Netherlands,363836.0
2020,5,2020-05-01,NL,Netherlands,923596.0
2020,6,2020-06-01,NL,Netherlands,2395184.0
2020,7,2020-07-01,NL,Netherlands,4190999.0
2020,8,2020-08-01,NL,Netherlands,4739935.0
2020,9,2020-09-01,NL,Netherlands,3234662.0
2020,10,2020-10-01,NL,Netherlands,2123933.0
2020,11,2020-11-01,NL,Netherlands,1288419.0
2020,12,2020-12-01,NL,Netherlands,1180896.0
2021,1,2021-01-01,NL,Netherlands,769152.0
2021,2,2021-02-01,NL,Netherlands,1186162.0
2021,3,2021-03-01,NL,Netherlands,1167079.0
2021,4,2021-04-01,NL,Netherlands,1772024.0
2021,5,2021-05-01,NL,Netherlands,3160954.0
2021,6,2021-06-01,NL,Netherlands,3196725.0
2021,7,2021-07-01,NL,Netherlands,4141070.0
2021,8,2021-08-01,NL,Netherlands,4794347.0
2021,9,2021-09-01,NL,Netherlands,3746239.0
2021,10,2021-10-01,NL,Netherlands,3789603.0
2021,11,2021-11-01,NL,Netherlands,2589120.0
2021,12,2021-12-01,NL,Netherlands,1407905.0
2022,1,2022-01-01,NL,Netherlands,1230034.0
2022,2,2022-02-01,NL,Netherlands,1998295.0
2022,3,2022-03-01,NL,Netherlands,2892561.0
2022,4,2022-04-01,NL,Netherlands,4265798.0
2022,5,2022-05-01,NL,Netherlands,4845506.0
2022,6,2022-06-01,NL,Netherlands,4715743.0
2022,7,2022-07-01,NL,Netherlands,5230497.0
2022,8,2022-08-01,NL,Netherlands,5500307.0
2022,9,2022-09-01,NL,Netherlands,4420423.0
2022,10,2022-10-01,NL,Netherlands,4548204.0
2022,11,2022-11-01,NL,Netherlands,3347123.0
2022,12,2022-12-01,NL,Netherlands,3005750.0
2023,1,2023-01-01,NL,Netherlands,2653222.0
2023,2,2023-02-01,NL,Netherlands,2649689.0
2023,3,2023-03-01,NL,Netherlands,3268918.0
2023,4,2023-04-01,NL,Netherlands,4552990.0
2023,5,2023-05-01,NL,Netherlands,5121101.0
2023,6,2023-06-01,NL,Netherlands,4838450.0
2023,7,2023-07-01,NL,Netherlands,5337258.0
2023,8,2023-08-01,NL,Netherlands,5316227.0
2023,9,2023-09-01,NL,Netherlands,4512473.0
2023,10,2023-10-01,NL,Netherlands,4579583.0
2018,1,2018-01-01,NO,Norway,929595.0
2018,2,2018-02-01,NO,Norway,1010737.0
2018,3,2018-03-01,NO,Norway,1124523.0
2018,4,2018-04-01,NO,Norway,1068491.0
2018,5,2018-05-01,NO,Norway,1435835.0
2018,6,2018-06-01,NO,Norway,2310595.0
2018,7,2018-07-01,NO,Norway,3388307.0
2018,8,2018-08-01,NO,Norway,2641372.0
2018,9,2018-09-01,NO,Norway,1531891.0
2018,10,2018-10-01,NO,Norway,1188136.0
2018,11,2018-11-01,NO,Norway,1095050.0
2018,12,2018-12-01,NO,Norway,803895.0
2019,1,2019-01-01,NO,Norway,926215.0
2019,2,2019-02-01,NO,Norway,993018.0
2019,3,2019-03-01,NO,Norway,1202610.0
2019,4,2019-04-01,NO,Norway,1202610.0
2019,5,2019-05-01,NO,Norway,1453860.0
2019,6,2019-06-01,NO,Norway,2337383.0
2019,7,2019-07-01,NO,Norway,3412821.0
2019,8,2019-08-01,NO,Norway,2775187.0
2019,9,2019-09-01,NO,Norway,1576351.0
2019,10,2019-10-01,NO,Norway,1243847.0
2019,11,2019-11-01,NO,Norway,1150494.0
2019,12,2019-12-01,NO,Norway,878263.0
2020,1,2020-01-01,NO,Norway,998692.0
2020,2,2020-02-01,NO,Norway,1114251.0
2020,3,2020-03-01,NO,Norway,481145.0
2020,4,2020-04-01,NO,Norway,115472.0
2020,5,2020-05-01,NO,Norway,375310.0
2020,6,2020-06-01,NO,Norway,1118764.0
2020,7,2020-07-01,NO,Norway,3174820.0
2020,8,2020-08-01,NO,Norway,1719317.0
2020,9,2020-09-01,NO,Norway,880531.0
2020,10,2020-10-01,NO,Norway,732258.0
2020,11,2020-11-01,NO,Norway,362656.0
2020,12,2020-12-01,NO,Norway,348779.0
2021,1,2021-01-01,NO,Norway,278780.0
2021,2,2021-02-01,NO,Norway,355485.0
2021,3,2021-03-01,NO,Norway,349673.0
2021,4,2021-04-01,NO,Norway,317303.0
2021,5,2021-05-01,NO,Norway,317303.0
2021,6,2021-06-01,NO,Norway,1236301.0
2021,7,2021-07-01,NO,Norway,3061728.0
2021,8,2021-08-01,NO,Norway,2133221.0
2021,9,2021-09-01,NO,Norway,1317954.0
2021,10,2021-10-01,NO,Norway,1222672.0
2021,11,2021-11-01,NO,Norway,1101809.0
2021,12,2021-12-01,NO,Norway,580253.0
2022,1,2022-01-01,NO,Norway,513152.0
2022,2,2022-02-01,NO,Norway,804866.0
2022,3,2022-03-01,NO,Norway,1110930.0
2022,4,2022-04-01,NO,Norway,1116334.0
2022,5,2022-05-01,NO,Norway,1454909.0
2022,6,2022-06-01,NO,Norway,2298534.0
2022,7,2022-07-01,NO,Norway,3270779.0
2022,8,2022-08-01,NO,Norway,2617856.0
2022,9,2022-09-01,NO,Norway,1624492.0
2022,10,2022-10-01,NO,Norway,1249746.0
2022,11,2022-11-01,NO,Norway,1146159.0
2022,12,2022-12-01,NO,Norway,905009.0
2023,1,2023-01-01,NO,Norway,905009.0
2023,2,2023-02-01,NO,Norway,1058255.0
2023,3,2023-03-01,NO,Norway,1199440.0
2023,4,2023-04-01,NO,Norway,1199440.0
2023,5,2023-05-01,NO,Norway,1489818.0
2023,6,2023-06-01,NO,Norway,1489818.0
2023,7,2023-07-01,NO,Norway,3403656.0
2023,8,2023-08-01,NO,Norway,2332081.0
2023,9,2023-09-01,NO,Norway,1685727.0
2023,10,2023-10-01,NO,Norway,1264057.0
2018,1,2018-01-01,PL,Poland,2019667.0
2018,2,2018-02-01,PL,Poland,2045505.0
2018,3,2018-03-01,PL,Poland,2205113.0
2018,4,2018-04-01,PL,Poland,2467756.0
2018,5,2018-05-01,PL,Poland,3012555.0
2018,6,2018-06-01,PL,Poland,3389729.0
2018,7,2018-07-01,PL,Poland,3926772.0
2018,8,2018-08-01,PL,Poland,4067560.0
2018,9,2018-09-01,PL,Poland,3267168.0
2018,10,2018-10-01,PL,Poland,2863790.0
2018,11,2018-11-01,PL,Poland,2436125.0
2018,12,2018-12-01,PL,Poland,2194190.0
2019,1,2019-01-01,PL,Poland,2124118.0
2019,2,2019-02-01,PL,Poland,2187680.0
2019,3,2019-03-01,PL,Poland,2401899.0
2019,4,2019-04-01,PL,Poland,2460560.0
2019,5,2019-05-01,PL,Poland,3280645.0
2019,6,2019-06-01,PL,Poland,3605839.0
2019,7,2019-07-01,PL,Poland,4059520.0
2019,8,2019-08-01,PL,Poland,4319590.0
2019,9,2019-09-01,PL,Poland,3347843.0
2019,10,2019-10-01,PL,Poland,2987993.0
2019,11,2019-11-01,PL,Poland,2596441.0
2019,12,2019-12-01,PL,Poland,2295963.0
2020,1,2020-01-01,PL,Poland,2291506.0
2020,2,2020-02-01,PL,Poland,2378371.0
2020,3,2020-03-01,PL,Poland,881365.0
2020,4,2020-04-01,PL,Poland,86386.0
2020,5,2020-05-01,PL,Poland,387177.0
2020,6,2020-06-01,PL,Poland,1314252.0
2020,7,2020-07-01,PL,Poland,2711895.0
2020,8,2020-08-01,PL,Poland,3208081.0
2020,9,2020-09-01,PL,Poland,2194007.0
2020,10,2020-10-01,PL,Poland,1363224.0
2020,11,2020-11-01,PL,Poland,586655.0
2020,12,2020-12-01,PL,Poland,475050.0
2021,1,2021-01-01,PL,Poland,213149.0
2021,2,2021-02-01,PL,Poland,697443.0
2021,3,2021-03-01,PL,Poland,651958.0
2021,4,2021-04-01,PL,Poland,379809.0
2021,5,2021-05-01,PL,Poland,1101217.0
2021,6,2021-06-01,PL,Poland,2252173.0
2021,7,2021-07-01,PL,Poland,3592764.0
2021,8,2021-08-01,PL,Poland,3854142.0
2021,9,2021-09-01,PL,Poland,2994328.0
2021,10,2021-10-01,PL,Poland,2661755.0
2021,11,2021-11-01,PL,Poland,2016846.0
2021,12,2021-12-01,PL,Poland,1783388.0
2022,1,2022-01-01,PL,Poland,1733979.0
2022,2,2022-02-01,PL,Poland,1976996.0
2022,3,2022-03-01,PL,Poland,2233197.0
2022,4,2022-04-01,PL,Poland,2378446.0
2022,5,2022-05-01,PL,Poland,2876125.0
2022,6,2022-06-01,PL,Poland,3475155.0
2022,7,2022-07-01,PL,Poland,4018542.0
2022,8,2022-08-01,PL,Poland,4162095.0
2022,9,2022-09-01,PL,Poland,3371838.0
2022,10,2022-10-01,PL,Poland,3122519.0
2022,11,2022-11-01,PL,Poland,2533348.0
2022,12,2022-12-01,PL,Poland,2366764.0
2023,1,2023-01-01,PL,Poland,2213510.0
2023,2,2023-02-01,PL,Poland,2303247.0
2023,3,2023-03-01,PL,Poland,2506116.0
2023,4,2023-04-01,PL,Poland,2680332.0
2023,5,2023-05-01,PL,Poland,3098519.0
2023,6,2023-06-01,PL,Poland,3581790.0
2023,7,2023-07-01,PL,Poland,4108779.0
2023,8,2023-08-01,PL,Poland,4196047.0
2023,9,2023-09-01,PL,Poland,3568440.0
2023,10,2023-10-01,PL,Poland,2983069.0
2018,1,2018-01-01,PT,Portugal,1121671.0
2018,2,2018-02-01,PT,Portugal,1322962.0
2018,3,2018-03-01,PT,Portugal,1761869.0
2018,4,2018-04-01,PT,Portugal,2086366.0
2018,5,2018-05-01,PT,Portugal,2449004.0
2018,6,2018-06-01,PT,Portugal,2519568.0
2018,7,2018-07-01,PT,Portugal,2916513.0
2018,8,2018-08-01,PT,Portugal,3513152.0
2018,9,2018-09-01,PT,Portugal,2835929.0
2018,10,2018-10-01,PT,Portugal,2385396.0
2018,11,2018-11-01,PT,Portugal,1532247.0
2018,12,2018-12-01,PT,Portugal,1421745.0
2019,1,2019-01-01,PT,Portugal,1218866.0
2019,2,2019-02-01,PT,Portugal,1387312.0
2019,3,2019-03-01,PT,Portugal,1865681.0
2019,4,2019-04-01,PT,Portugal,2376845.0
2019,5,2019-05-01,PT,Portugal,2662516.0
2019,6,2019-06-01,PT,Portugal,2818644.0
2019,7,2019-07-01,PT,Portugal,3059966.0
2019,8,2019-08-01,PT,Portugal,3726881.0
2019,9,2019-09-01,PT,Portugal,2995566.0
2019,10,2019-10-01,PT,Portugal,2483393.0
2019,11,2019-11-01,PT,Portugal,1722379.0
2019,12,2019-12-01,PT,Portugal,1577029.0
2020,1,2020-01-01,PT,Portugal,1365794.0
2020,2,2020-02-01,PT,Portugal,1591250.0
2020,3,2020-03-01,PT,Portugal,678662.0
2020,4,2020-04-01,PT,Portugal,44027.0
2020,5,2020-05-01,PT,Portugal,138730.0
2020,6,2020-06-01,PT,Portugal,557211.0
2020,7,2020-07-01,PT,Portugal,1192481.0
2020,8,2020-08-01,PT,Portugal,2159670.0
2020,9,2020-09-01,PT,Portugal,1421748.0
2020,10,2020-10-01,PT,Portugal,1019045.0
2020,11,2020-11-01,PT,Portugal,402588.0
2020,12,2020-12-01,PT,Portugal,459153.0
2021,1,2021-01-01,PT,Portugal,281676.0
2021,2,2021-02-01,PT,Portugal,204299.0
2021,3,2021-03-01,PT,Portugal,283369.0
2021,4,2021-04-01,PT,Portugal,464984.0
2021,5,2021-05-01,PT,Portugal,1013432.0
2021,6,2021-06-01,PT,Portugal,1435987.0
2021,7,2021-07-01,PT,Portugal,1806708.0
2021,8,2021-08-01,PT,Portugal,2823315.0
2021,9,2021-09-01,PT,Portugal,2115842.0
2021,10,2021-10-01,PT,Portugal,2156233.0
2021,11,2021-11-01,PT,Portugal,1439186.0
2021,12,2021-12-01,PT,Portugal,1107429.0
2022,1,2022-01-01,PT,Portugal,819489.0
2022,2,2022-02-01,PT,Portugal,1262023.0
2022,3,2022-03-01,PT,Portugal,1579096.0
2022,4,2022-04-01,PT,Portugal,2395673.0
2022,5,2022-05-01,PT,Portugal,2590218.0
2022,6,2022-06-01,PT,Portugal,2771535.0
2022,7,2022-07-01,PT,Portugal,3258675.0
2022,8,2022-08-01,PT,Portugal,3735777.0
2022,9,2022-09-01,PT,Portugal,2967830.0
2022,10,2022-10-01,PT,Portugal,2625104.0
2022,11,2022-11-01,PT,Portugal,1718223.0
2022,12,2022-12-01,PT,Portugal,1613812.0
2023,1,2023-01-01,PT,Portugal,1413852.0
2023,2,2023-02-01,PT,Portugal,1658594.0
2023,3,2023-03-01,PT,Portugal,2055660.0
2023,4,2023-04-01,PT,Portugal,2809027.0
2023,5,2023-05-01,PT,Portugal,2908056.0
2023,6,2023-06-01,PT,Portugal,2938101.0
2023,7,2023-07-01,PT,Portugal,3374469.0
2023,8,2023-08-01,PT,Portugal,3866656.0
2023,9,2023-09-01,PT,Portugal,3232641.0
2023,10,2023-10-01,PT,Portugal,2878965.0
2023,11,2023-11-01,PT,Portugal,1872906.0
2018,1,2018-01-01,RO,Romania,722072.0
2018,2,2018-02-01,RO,Romania,705873.0
2018,3,2018-03-01,RO,Romania,761622.0
2018,4,2018-04-01,RO,Romania,844215.0
2018,5,2018-05-01,RO,Romania,1022196.0
2018,6,2018-06-01,RO,Romania,1208603.0
2018,7,2018-07-01,RO,Romania,1594274.0
2018,8,2018-08-01,RO,Romania,1848953.0
2018,9,2018-09-01,RO,Romania,1298367.0
2018,10,2018-10-01,RO,Romania,1069154.0
2018,11,2018-11-01,RO,Romania,917737.0
2018,12,2018-12-01,RO,Romania,816821.0
2019,1,2019-01-01,RO,Romania,758439.0
2019,2,2019-02-01,RO,Romania,758826.0
2019,3,2019-03-01,RO,Romania,800361.0
2019,4,2019-04-01,RO,Romania,885822.0
2019,5,2019-05-01,RO,Romania,1103937.0
2019,6,2019-06-01,RO,Romania,1308897.0
2019,7,2019-07-01,RO,Romania,1651335.0
2019,8,2019-08-01,RO,Romania,1869383.0
2019,9,2019-09-01,RO,Romania,1312488.0
2019,10,2019-10-01,RO,Romania,1081817.0
2019,11,2019-11-01,RO,Romania,902837.0
2019,12,2019-12-01,RO,Romania,834614.0
2020,1,2020-01-01,RO,Romania,796256.0
2020,2,2020-02-01,RO,Romania,724445.0
2020,3,2020-03-01,RO,Romania,242105.0
2020,4,2020-04-01,RO,Romania,16855.0
2020,5,2020-05-01,RO,Romania,34569.0
2020,6,2020-06-01,RO,Romania,333950.0
2020,7,2020-07-01,RO,Romania,917778.0
2020,8,2020-08-01,RO,Romania,1301411.0
2020,9,2020-09-01,RO,Romania,794451.0
2020,10,2020-10-01,RO,Romania,493101.0
2020,11,2020-11-01,RO,Romania,338728.0
2020,12,2020-12-01,RO,Romania,341752.0
2021,1,2021-01-01,RO,Romania,480864.0
2021,2,2021-02-01,RO,Romania,498321.0
2021,3,2021-03-01,RO,Romania,431273.0
2021,4,2021-04-01,RO,Romania,448856.0
2021,5,2021-05-01,RO,Romania,609282.0
2021,6,2021-06-01,RO,Romania,804916.0
2021,7,2021-07-01,RO,Romania,1434370.0
2021,8,2021-08-01,RO,Romania,1729910.0
2021,9,2021-09-01,RO,Romania,1072509.0
2021,10,2021-10-01,RO,Romania,648054.0
2021,11,2021-11-01,RO,Romania,539068.0
2021,12,2021-12-01,RO,Romania,579296.0
2022,1,2022-01-01,RO,Romania,630001.0
2022,2,2022-02-01,RO,Romania,623657.0
2022,3,2022-03-01,RO,Romania,687134.0
2022,4,2022-04-01,RO,Romania,745803.0
2022,5,2022-05-01,RO,Romania,923494.0
2022,6,2022-06-01,RO,Romania,1177998.0
2022,7,2022-07-01,RO,Romania,1650785.0
2022,8,2022-08-01,RO,Romania,1924206.0
2022,9,2022-09-01,RO,Romania,1183404.0
2022,10,2022-10-01,RO,Romania,1047566.0
2022,11,2022-11-01,RO,Romania,881676.0
2022,12,2022-12-01,RO,Romania,879413.0
2023,1,2023-01-01,RO,Romania,783989.0
2023,2,2023-02-01,RO,Romania,813368.0
2023,3,2023-03-01,RO,Romania,815137.0
2023,4,2023-04-01,RO,Romania,894327.0
2023,5,2023-05-01,RO,Romania,1041354.0
2023,6,2023-06-01,RO,Romania,1268460.0
2023,7,2023-07-01,RO,Romania,1771276.0
2023,8,2023-08-01,RO,Romania,2000145.0
2023,9,2023-09-01,RO,Romania,1312044.0
2023,10,2023-10-01,RO,Romania,1094024.0
2023,11,2023-11-01,RO,Romania,952007.0
2018,1,2018-01-01,SE,Sweden,1568449.0
2018,2,2018-02-01,SE,Sweden,1717762.0
2018,3,2018-03-01,SE,Sweden,2022026.0
2018,4,2018-04-01,SE,Sweden,1972083.0
2018,5,2018-05-01,SE,Sweden,2614095.0
2018,6,2018-06-01,SE,Sweden,3172336.0
2018,7,2018-07-01,SE,Sweden,5178194.0
2018,8,2018-08-01,SE,Sweden,3946291.0
2018,9,2018-09-01,SE,Sweden,2332396.0
2018,10,2018-10-01,SE,Sweden,2153086.0
2018,11,2018-11-01,SE,Sweden,2007792.0
2018,12,2018-12-01,SE,Sweden,2153086.0
2019,1,2019-01-01,SE,Sweden,1599432.0
2019,2,2019-02-01,SE,Sweden,1760801.0
2019,3,2019-03-01,SE,Sweden,2024143.0
2019,4,2019-04-01,SE,Sweden,2026531.0
2019,5,2019-05-01,SE,Sweden,2910528.0
2019,6,2019-06-01,SE,Sweden,3404753.0
2019,7,2019-07-01,SE,Sweden,5644340.0
2019,8,2019-08-01,SE,Sweden,4115538.0
2019,9,2019-09-01,SE,Sweden,2426616.0
2019,10,2019-10-01,SE,Sweden,2238888.0
2019,11,2019-11-01,SE,Sweden,2057003.0
2019,12,2019-12-01,SE,Sweden,1689129.0
2020,1,2020-01-01,SE,Sweden,1670434.0
2020,2,2020-02-01,SE,Sweden,1886125.0
2020,3,2020-03-01,SE,Sweden,1067913.0
2020,4,2020-04-01,SE,Sweden,515513.0
2020,5,2020-05-01,SE,Sweden,935872.0
2020,6,2020-06-01,SE,Sweden,1560627.0
2020,7,2020-07-01,SE,Sweden,3837170.0
2020,8,2020-08-01,SE,Sweden,2585871.0
2020,9,2020-09-01,SE,Sweden,1597586.0
2020,10,2020-10-01,SE,Sweden,1614348.0
2020,11,2020-11-01,SE,Sweden,683486.0
2020,12,2020-12-01,SE,Sweden,656869.0
2021,1,2021-01-01,SE,Sweden,663855.0
2021,2,2021-02-01,SE,Sweden,850212.0
2021,3,2021-03-01,SE,Sweden,899286.0
2021,4,2021-04-01,SE,Sweden,1030750.0
2021,5,2021-05-01,SE,Sweden,1448216.0
2021,6,2021-06-01,SE,Sweden,2207226.0
2021,7,2021-07-01,SE,Sweden,5147046.0
2021,8,2021-08-01,SE,Sweden,3820857.0
2021,9,2021-09-01,SE,Sweden,2142972.0
2021,10,2021-10-01,SE,Sweden,2090797.0
2021,11,2021-11-01,SE,Sweden,2036614.0
2021,12,2021-12-01,SE,Sweden,1596999.0
2022,1,2022-01-01,SE,Sweden,1088770.0
2022,2,2022-02-01,SE,Sweden,1430594.0
2022,3,2022-03-01,SE,Sweden,1886883.0
2022,4,2022-04-01,SE,Sweden,2223217.0
2022,5,2022-05-01,SE,Sweden,2889386.0
2022,6,2022-06-01,SE,Sweden,3550621.0
2022,7,2022-07-01,SE,Sweden,5878656.0
2022,8,2022-08-01,SE,Sweden,4304260.0
2022,9,2022-09-01,SE,Sweden,2577763.0
2022,10,2022-10-01,SE,Sweden,2239685.0
2022,11,2022-11-01,SE,Sweden,2063234.0
2022,12,2022-12-01,SE,Sweden,1740861.0
2023,1,2023-01-01,SE,Sweden,1641052.0
2023,2,2023-02-01,SE,Sweden,1814122.0
2023,3,2023-03-01,SE,Sweden,2101838.0
2023,4,2023-04-01,SE,Sweden,2140893.0
2023,5,2023-05-01,SE,Sweden,2921611.0
2023,6,2023-06-01,SE,Sweden,3540362.0
2023,7,2023-07-01,SE,Sweden,5751448.0
2023,8,2023-08-01,SE,Sweden,4095180.0
2023,9,2023-09-01,SE,Sweden,2636585.0
2023,10,2023-10-01,SE,Sweden,2227471.0
2018,1,2018-01-01,SI,Slovenia,279893.0
2018,2,2018-02-01,SI,Slovenia,276902.0
2018,3,2018-03-01,SI,Slovenia,332266.0
2018,4,2018-04-01,SI,Slovenia,403397.0
2018,5,2018-05-01,SI,Slovenia,492120.0
2018,6,2018-06-01,SI,Slovenia,600611.0
2018,7,2018-07-01,SI,Slovenia,844847.0
2018,8,2018-08-01,SI,Slovenia,964538.0
2018,9,2018-09-01,SI,Slovenia,598645.0
2018,10,2018-10-01,SI,Slovenia,431217.0
2018,11,2018-11-01,SI,Slovenia,290227.0
2018,12,2018-12-01,SI,Slovenia,325349.0
2019,1,2019-01-01,SI,Slovenia,265125.0
2019,2,2019-02-01,SI,Slovenia,314950.0
2019,3,2019-03-01,SI,Slovenia,341060.0
2019,4,2019-04-01,SI,Slovenia,452763.0
2019,5,2019-05-01,SI,Slovenia,499441.0
2019,6,2019-06-01,SI,Slovenia,682746.0
2019,7,2019-07-01,SI,Slovenia,900219.0
2019,8,2019-08-01,SI,Slovenia,1065210.0
2019,9,2019-09-01,SI,Slovenia,621949.0
2019,10,2019-10-01,SI,Slovenia,463778.0
2019,11,2019-11-01,SI,Slovenia,290135.0
2019,12,2019-12-01,SI,Slovenia,326921.0
2020,1,2020-01-01,SI,Slovenia,282616.0
2020,2,2020-02-01,SI,Slovenia,298368.0
2020,3,2020-03-01,SI,Slovenia,79437.0
2020,4,2020-04-01,SI,Slovenia,0.0
2020,5,2020-05-01,SI,Slovenia,17251.0
2020,6,2020-06-01,SI,Slovenia,241824.0
2020,7,2020-07-01,SI,Slovenia,651728.0
2020,8,2020-08-01,SI,Slovenia,802174.0
2020,9,2020-09-01,SI,Slovenia,492338.0
2020,10,2020-10-01,SI,Slovenia,172932.0
2020,11,2020-11-01,SI,Slovenia,10551.0
2020,12,2020-12-01,SI,Slovenia,9400.0
2021,1,2021-01-01,SI,Slovenia,12025.0
2021,2,2021-02-01,SI,Slovenia,18527.0
2021,3,2021-03-01,SI,Slovenia,24359.0
2021,4,2021-04-01,SI,Slovenia,29138.0
2021,5,2021-05-01,SI,Slovenia,112910.0
2021,6,2021-06-01,SI,Slovenia,374026.0
2021,7,2021-07-01,SI,Slovenia,768381.0
2021,8,2021-08-01,SI,Slovenia,1018466.0
2021,9,2021-09-01,SI,Slovenia,637196.0
2021,10,2021-10-01,SI,Slovenia,450679.0
2021,11,2021-11-01,SI,Slovenia,256402.0
2021,12,2021-12-01,SI,Slovenia,294945.0
2022,1,2022-01-01,SI,Slovenia,186530.0
2022,2,2022-02-01,SI,Slovenia,248866.0
2022,3,2022-03-01,SI,Slovenia,263881.0
2022,4,2022-04-01,SI,Slovenia,376681.0
2022,5,2022-05-01,SI,Slovenia,460412.0
2022,6,2022-06-01,SI,Slovenia,793510.0
2022,7,2022-07-01,SI,Slovenia,950306.0
2022,8,2022-08-01,SI,Slovenia,1051248.0
2022,9,2022-09-01,SI,Slovenia,588794.0
2022,10,2022-10-01,SI,Slovenia,398946.0
2022,11,2022-11-01,SI,Slovenia,243303.0
2022,12,2022-12-01,SI,Slovenia,297667.0
2023,1,2023-01-01,SI,Slovenia,276985.0
2023,2,2023-02-01,SI,Slovenia,282335.0
2023,3,2023-03-01,SI,Slovenia,277172.0
2023,4,2023-04-01,SI,Slovenia,439555.0
2023,5,2023-05-01,SI,Slovenia,509503.0
2023,6,2023-06-01,SI,Slovenia,684521.0
2023,7,2023-07-01,SI,Slovenia,1038037.0
2023,8,2023-08-01,SI,Slovenia,999079.0
2023,9,2023-09-01,SI,Slovenia,666789.0
2023,10,2023-10-01,SI,Slovenia,422705.0
2023,11,2023-11-01,SI,Slovenia,260093.0
2018,1,2018-01-01,SK,Slovakia,350775.0
2018,2,2018-02-01,SK,Slovakia,384352.0
2018,3,2018-03-01,SK,Slovakia,405063.0
2018,4,2018-04-01,SK,Slovakia,396289.0
2018,5,2018-05-01,SK,Slovakia,465023.0
2018,6,2018-06-01,SK,Slovakia,530151.0
2018,7,2018-07-01,SK,Slovakia,597954.0
2018,8,2018-08-01,SK,Slovakia,653624.0
2018,9,2018-09-01,SK,Slovakia,496035.0
2018,10,2018-10-01,SK,Slovakia,465910.0
2018,11,2018-11-01,SK,Slovakia,387846.0
2018,12,2018-12-01,SK,Slovakia,354185.0
2019,1,2019-01-01,SK,Slovakia,373188.0
2019,2,2019-02-01,SK,Slovakia,425351.0
2019,3,2019-03-01,SK,Slovakia,425772.0
2019,4,2019-04-01,SK,Slovakia,433554.0
2019,5,2019-05-01,SK,Slovakia,541356.0
2019,6,2019-06-01,SK,Slovakia,593834.0
2019,7,2019-07-01,SK,Slovakia,686406.0
2019,8,2019-08-01,SK,Slovakia,764125.0
2019,9,2019-09-01,SK,Slovakia,568419.0
2019,10,2019-10-01,SK,Slovakia,561336.0
2019,11,2019-11-01,SK,Slovakia,471924.0
2019,12,2019-12-01,SK,Slovakia,422527.0
2020,1,2020-01-01,SK,Slovakia,434724.0
2020,2,2020-02-01,SK,Slovakia,467149.0
2020,3,2020-03-01,SK,Slovakia,147161.0
2020,4,2020-04-01,SK,Slovakia,6336.0
2020,5,2020-05-01,SK,Slovakia,36498.0
2020,6,2020-06-01,SK,Slovakia,186661.0
2020,7,2020-07-01,SK,Slovakia,547280.0
2020,8,2020-08-01,SK,Slovakia,656806.0
2020,9,2020-09-01,SK,Slovakia,365999.0
2020,10,2020-10-01,SK,Slovakia,116243.0
2020,11,2020-11-01,SK,Slovakia,66046.0
2020,12,2020-12-01,SK,Slovakia,64909.0
2021,1,2021-01-01,SK,Slovakia,25512.0
2021,2,2021-02-01,SK,Slovakia,28426.0
2021,3,2021-03-01,SK,Slovakia,33049.0
2021,4,2021-04-01,SK,Slovakia,48789.0
2021,5,2021-05-01,SK,Slovakia,115260.0
2021,6,2021-06-01,SK,Slovakia,279773.0
2021,7,2021-07-01,SK,Slovakia,563105.0
2021,8,2021-08-01,SK,Slovakia,644764.0
2021,9,2021-09-01,SK,Slovakia,428948.0
2021,10,2021-10-01,SK,Slovakia,278983.0
2021,11,2021-11-01,SK,Slovakia,117685.0
2021,12,2021-12-01,SK,Slovakia,75525.0
2022,1,2022-01-01,SK,Slovakia,179673.0
2022,2,2022-02-01,SK,Slovakia,240880.0
2022,3,2022-03-01,SK,Slovakia,291126.0
2022,4,2022-04-01,SK,Slovakia,305102.0
2022,5,2022-05-01,SK,Slovakia,386872.0
2022,6,2022-06-01,SK,Slovakia,479362.0
2022,7,2022-07-01,SK,Slovakia,587727.0
2022,8,2022-08-01,SK,Slovakia,639938.0
2022,9,2022-09-01,SK,Slovakia,479170.0
2022,10,2022-10-01,SK,Slovakia,440315.0
2022,11,2022-11-01,SK,Slovakia,348506.0
2022,12,2022-12-01,SK,Slovakia,322576.0
2023,1,2023-01-01,SK,Slovakia,335495.0
2023,2,2023-02-01,SK,Slovakia,389890.0
2023,3,2023-03-01,SK,Slovakia,392569.0
2023,4,2023-04-01,SK,Slovakia,389053.0
2023,5,2023-05-01,SK,Slovakia,464176.0
2023,6,2023-06-01,SK,Slovakia,527013.0
2023,7,2023-07-01,SK,Slovakia,634432.0
2023,8,2023-08-01,SK,Slovakia,679480.0
2023,9,2023-09-01,SK,Slovakia,532297.0
2023,10,2023-10-01,SK,Slovakia,461869.0
2018,1,2018-01-01,TR,Turkey,4095549.0
2018,2,2018-02-01,TR,Turkey,3797474.0
2018,3,2018-03-01,TR,Turkey,4785101.0
2018,4,2018-04-01,TR,Turkey,5868519.0
2018,5,2018-05-01,TR,Turkey,4709006.0
2018,6,2018-06-01,TR,Turkey,7047161.0
2018,7,2018-07-01,TR,Turkey,9375073.0
2018,8,2018-08-01,TR,Turkey,9480971.0
2018,9,2018-09-01,TR,Turkey,8326117.0
2018,10,2018-10-01,TR,Turkey,7210530.0
2018,11,2018-11-01,TR,Turkey,3733611.0
2018,12,2018-12-01,TR,Turkey,3528544.0
2019,1,2019-01-01,TR,Turkey,4196696.0
2019,2,2019-02-01,TR,Turkey,3880916.0
2019,3,2019-03-01,TR,Turkey,4879237.0
2019,4,2019-04-01,TR,Turkey,6459911.0
2019,5,2019-05-01,TR,Turkey,6412135.0
2019,6,2019-06-01,TR,Turkey,8487468.0
2019,7,2019-07-01,TR,Turkey,9904239.0
2019,8,2019-08-01,TR,Turkey,10222519.0
2019,9,2019-09-01,TR,Turkey,8910652.0
2019,10,2019-10-01,TR,Turkey,7856549.0
2019,11,2019-11-01,TR,Turkey,5155063.0
2019,12,2019-12-01,TR,Turkey,4501377.0
2020,1,2020-01-01,TR,Turkey,4638672.0
2020,2,2020-02-01,TR,Turkey,4196910.0
2020,3,2020-03-01,TR,Turkey,2711720.0
2020,4,2020-04-01,TR,Turkey,719430.0
2020,5,2020-05-01,TR,Turkey,831105.0
2020,6,2020-06-01,TR,Turkey,2203877.0
2020,7,2020-07-01,TR,Turkey,4507719.0
2020,8,2020-08-01,TR,Turkey,6959139.0
2020,9,2020-09-01,TR,Turkey,3879866.0
2020,10,2020-10-01,TR,Turkey,5931690.0
2020,11,2020-11-01,TR,Turkey,3274271.0
2020,12,2020-12-01,TR,Turkey,2025035.0
2021,1,2021-01-01,TR,Turkey,2514228.0
2021,2,2021-02-01,TR,Turkey,2689048.0
2021,3,2021-03-01,TR,Turkey,3759785.0
2021,4,2021-04-01,TR,Turkey,3400005.0
2021,5,2021-05-01,TR,Turkey,3518710.0
2021,6,2021-06-01,TR,Turkey,6116463.0
2021,7,2021-07-01,TR,Turkey,9735934.0
2021,8,2021-08-01,TR,Turkey,10371679.0
2021,9,2021-09-01,TR,Turkey,8656405.0
2021,10,2021-10-01,TR,Turkey,8160121.0
2021,11,2021-11-01,TR,Turkey,7224636.0
2021,12,2021-12-01,TR,Turkey,4797010.0
2022,1,2022-01-01,TR,Turkey,4369448.0
2022,2,2022-02-01,TR,Turkey,4419364.0
2022,3,2022-03-01,TR,Turkey,5789325.0
2022,4,2022-04-01,TR,Turkey,5312346.0
2022,5,2022-05-01,TR,Turkey,8550258.0
2022,6,2022-06-01,TR,Turkey,9900266.0
2022,7,2022-07-01,TR,Turkey,11959962.0
2022,8,2022-08-01,TR,Turkey,12836521.0
2022,9,2022-09-01,TR,Turkey,11109826.0
2022,10,2022-10-01,TR,Turkey,10013545.0
2022,11,2022-11-01,TR,Turkey,5893253.0
2022,12,2022-12-01,TR,Turkey,4676813.0
2023,1,2023-01-01,TR,Turkey,4176369.0
2023,2,2023-02-01,TR,Turkey,3577989.0
2023,3,2023-03-01,TR,Turkey,4200030.0
2023,4,2023-04-01,TR,Turkey,5022587.0
2023,5,2023-05-01,TR,Turkey,5346331.0
2018,1,2018-01-01,UK,United Kingdom,5375962.0
2018,2,2018-02-01,UK,United Kingdom,6519239.0
2018,3,2018-03-01,UK,United Kingdom,7347842.0
2018,4,2018-04-01,UK,United Kingdom,8880002.0
2018,5,2018-05-01,UK,United Kingdom,11684413.0
2018,6,2018-06-01,UK,United Kingdom,11231992.0
2018,7,2018-07-01,UK,United Kingdom,13330113.0
2018,8,2018-08-01,UK,United Kingdom,14703533.0
2018,9,2018-09-01,UK,United Kingdom,10376452.0
2018,10,2018-10-01,UK,United Kingdom,8339690.0
2018,11,2018-11-01,UK,United Kingdom,7182910.0
2018,12,2018-12-01,UK,United Kingdom,6471128.0
2019,1,2019-01-01,UK,United Kingdom,5609922.0
2019,2,2019-02-01,UK,United Kingdom,5848791.0
2019,3,2019-03-01,UK,United Kingdom,7561960.0
2019,4,2019-04-01,UK,United Kingdom,10917430.0
2019,5,2019-05-01,UK,United Kingdom,12117946.0
2019,6,2019-06-01,UK,United Kingdom,12177757.0
2019,7,2019-07-01,UK,United Kingdom,14585646.0
2019,8,2019-08-01,UK,United Kingdom,14811966.0
2019,9,2019-09-01,UK,United Kingdom,9655339.0
2019,10,2019-10-01,UK,United Kingdom,10982065.0
2019,11,2019-11-01,UK,United Kingdom,6671533.0
2019,12,2019-12-01,UK,United Kingdom,6346332.0
2020,1,2020-01-01,UK,United Kingdom,5665683.0
2020,2,2020-02-01,UK,United Kingdom,6524949.0
2020,3,2020-03-01,UK,United Kingdom,4395335.0
2020,4,2020-04-01,UK,United Kingdom,0.0
2020,5,2020-05-01,UK,United Kingdom,0.0
2020,6,2020-06-01,UK,United Kingdom,0.0
