Year,Origin_Country_Code,Origin_Country,Destination_Country_Code,Destination_Country,Total_Expenditure_EUR,Avg_Exp_per_Trip_EUR,Avg_Exp_per_Night_EUR
2019,AL,Albania,AT,Austria,6275244.0,126.16666666666667,28.53333333333333
2019,AL,Albania,CH,Switzerland,1339693.0,115.97,32.35
2019,AL,Albania,DE,Germany,14928180.0,162.51,10.34
2019,AL,Albania,EL,Greece,119202183.0,160.23333333333335,24.463333333333335
2019,AL,Albania,FR,France,6803330.0,312.69,16.26
2019,AL,Albania,IT,Italy,98628757.0,158.27333333333334,24.900000000000002
2019,AL,Albania,PT,Portugal,6878106.0,259.91,50.58
2019,AL,Albania,TR,Turkey,19320165.0,261.66499999999996,33.055
2019,AT,Austria,AT,Austria,9583935490.0,423.11999999999995,120.05333333333333
2019,AT,Austria,BE,Belgium,55816742.0,835.96,198.86
2019,AT,Austria,CH,Switzerland,261754363.0,574.0266666666666,151.40666666666667
2019,AT,Austria,CZ,Czechia,270813868.0,542.8233333333334,155.67666666666665
2019,AT,Austria,DE,Germany,2935224200.0,606.61,175.98
2019,AT,Austria,DK,Denmark,45990263.0,856.93,154.2
2019,AT,Austria,EL,Greece,1803603242.0,1579.295,144.82
2019,AT,Austria,ES,Spain,1541496982.0,1104.8,205.66
2019,AT,Austria,FR,France,850359782.0,1130.4866666666667,208.29333333333332
2019,AT,Austria,HR,Croatia,1453806515.0,665.7633333333333,135.71333333333334
2019,AT,Austria,HU,Hungary,326515964.0,393.8966666666667,107.06333333333333
2019,AT,Austria,IE,Ireland,295187925.0,1468.8049999999998,166.67000000000002
2019,AT,Austria,IT,Italy,3603152176.0,750.6199999999999,162.11666666666667
2019,AT,Austria,NL,Netherlands,304810962.0,747.6199999999999,172.35666666666668
2019,AT,Austria,NO,Norway,103488935.0,2066.15,214.05
2019,AT,Austria,PL,Poland,162043071.0,496.1333333333334,122.80666666666667
2019,AT,Austria,PT,Portugal,332640809.0,1352.445,183.86
2019,AT,Austria,RO,Romania,213189298.0,1308.6,152.88
2019,AT,Austria,SE,Sweden,175028584.0,1214.1999999999998,129.17
2019,AT,Austria,SI,Slovenia,214458110.0,452.3533333333333,135.34333333333333
2019,AT,Austria,SK,Slovakia,57529882.0,385.57,134.49
2019,AT,Austria,TR,Turkey,434960279.0,1092.56,94.98
2019,AT,Austria,UK,United Kingdom,638349664.0,966.9200000000001,196.24333333333334
2019,BE,Belgium,AT,Austria,573899271.0,724.85,155.93333333333334
2019,BE,Belgium,BE,Belgium,1643343842.0,224.93000000000004,62.96
2019,BE,Belgium,BG,Bulgaria,138389932.0,897.435,48.675
2019,BE,Belgium,CH,Switzerland,318153838.0,599.6,143.58666666666667
2019,BE,Belgium,CZ,Czechia,114217523.0,585.11,75.2
2019,BE,Belgium,DE,Germany,802642963.0,382.09666666666664,92.64999999999999
2019,BE,Belgium,DK,Denmark,64221106.0,533.55,70.81
2019,BE,Belgium,EL,Greece,640032383.0,1052.4450000000002,93.74000000000001
2019,BE,Belgium,ES,Spain,2463951254.0,691.1966666666667,116.47666666666667
2019,BE,Belgium,FR,France,3693000656.0,448.8433333333333,91.42333333333333
2019,BE,Belgium,HR,Croatia,211861585.0,881.5250000000001,82.145
2019,BE,Belgium,HU,Hungary,133606254.0,646.035,52.205
2019,BE,Belgium,IE,Ireland,87164861.0,636.7049999999999,221.145
2019,BE,Belgium,IT,Italy,1598682336.0,660.1133333333333,114.78000000000002
2019,BE,Belgium,LU,Luxembourg,60396188.0,243.445,111.14
2019,BE,Belgium,NL,Netherlands,806858086.0,274.57,86.10666666666667
2019,BE,Belgium,NO,Norway,98967339.0,1038.76,102.845
2019,BE,Belgium,PL,Poland,136541660.0,435.2733333333333,85.59333333333332
2019,BE,Belgium,PT,Portugal,565477838.0,736.6766666666667,123.13
2019,BE,Belgium,RO,Romania,64442620.0,501.78999999999996,50.525000000000006
2019,BE,Belgium,SE,Sweden,82002058.0,730.77,75.62
2019,BE,Belgium,TR,Turkey,340785872.0,845.315,84.505
2019,BE,Belgium,UK,United Kingdom,547680106.0,528.6933333333333,129.66666666666666
2019,BG,Bulgaria,BG,Bulgaria,1012010033.0,140.85333333333335,34.68333333333333
2019,BG,Bulgaria,DE,Germany,69804079.0,493.865,45.855000000000004
2019,BG,Bulgaria,EL,Greece,195918770.0,251.58,58.416666666666664
2019,BG,Bulgaria,IT,Italy,51670117.0,607.62,103.305
2019,BG,Bulgaria,TR,Turkey,187179185.0,340.9266666666667,75.61
2019,CH,Switzerland,AT,Austria,1316730568.0,737.6466666666666,173.32333333333335
2019,CH,Switzerland,CH,Switzerland,4810994940.0,403.74333333333334,104.75333333333333
2019,CH,Switzerland,CZ,Czechia,45925647.0,394.23,61.49
2019,CH,Switzerland,DE,Germany,2806907078.0,562.2199999999999,134.34
2019,CH,Switzerland,EL,Greece,829741848.0,1353.23,137.7
2019,CH,Switzerland,ES,Spain,2121046272.0,1077.37,115.13499999999999
2019,CH,Switzerland,FR,France,2317167034.0,683.6700000000001,128.35333333333332
2019,CH,Switzerland,HR,Croatia,358729685.0,1101.065,108.815
2019,CH,Switzerland,IT,Italy,3317616387.0,654.85,122.12333333333333
2019,CH,Switzerland,NL,Netherlands,298068691.0,960.23,143.705
2019,CH,Switzerland,PT,Portugal,901992493.0,916.38,82.12
2019,CH,Switzerland,UK,United Kingdom,507757359.0,1177.0900000000001,172.935
2019,CY,Cyprus,AT,Austria,36415016.0,1088.49,225.14
2019,CY,Cyprus,BE,Belgium,42570359.0,1090.88,356.88
2019,CY,Cyprus,BG,Bulgaria,41073990.0,810.21,43.4
2019,CY,Cyprus,CY,Cyprus,421889028.0,174.76,52.45666666666667
2019,CY,Cyprus,DE,Germany,102220125.0,1255.74,148.31
2019,CY,Cyprus,EL,Greece,809655405.0,758.3866666666667,159.02666666666667
2019,CY,Cyprus,IT,Italy,95009507.0,1296.0749999999998,209.755
2019,CY,Cyprus,NL,Netherlands,126697022.0,1511.67,109.175
2019,CY,Cyprus,RO,Romania,101344972.0,977.88,73.02
2019,CY,Cyprus,UK,United Kingdom,554441336.0,1145.45,181.74
2019,CZ,Czechia,AT,Austria,441040156.0,292.3966666666667,76.05
2019,CZ,Czechia,BG,Bulgaria,199696137.0,609.9949999999999,68.43
2019,CZ,Czechia,CZ,Czechia,4417032174.0,92.78333333333335,22.463333333333335
2019,CZ,Czechia,DE,Germany,166693527.0,257.5,72.10000000000001
2019,CZ,Czechia,EL,Greece,562010271.0,677.6,76.4
2019,CZ,Czechia,ES,Spain,316113479.0,761.005,93.13499999999999
2019,CZ,Czechia,FR,France,117951055.0,506.915,86.47
2019,CZ,Czechia,HR,Croatia,655538805.0,435.04499999999996,56.230000000000004
2019,CZ,Czechia,HU,Hungary,151773106.0,295.8833333333334,70.63333333333334
2019,CZ,Czechia,IT,Italy,696662211.0,439.7833333333333,89.90666666666668
2019,CZ,Czechia,PL,Poland,158303536.0,242.48666666666668,66.61666666666666
2019,CZ,Czechia,SK,Slovakia,543057490.0,189.96666666666667,46.796666666666674
2019,CZ,Czechia,TR,Turkey,464830148.0,703.93,84.73
2019,CZ,Czechia,UK,United Kingdom,132194558.0,484.91,70.41499999999999
2019,DE,Germany,AT,Austria,13979540644.0,559.3666666666667,124.20666666666666
2019,DE,Germany,BE,Belgium,1026303967.0,453.815,148.88
2019,DE,Germany,BG,Bulgaria,499541617.0,801.48,73.12
2019,DE,Germany,CH,Switzerland,4129253898.0,614.92,132.83
2019,DE,Germany,CZ,Czechia,3491656596.0,604.9433333333333,126.10000000000001
2019,DE,Germany,DE,Germany,108022733328.0,374.5166666666667,95.66666666666667
2019,DE,Germany,DK,Denmark,3035908373.0,500.3033333333333,94.92666666666666
2019,DE,Germany,EL,Greece,6855218092.0,1103.4250000000002,116.535
2019,DE,Germany,ES,Spain,24073658046.0,976.4566666666666,168.65666666666667
2019,DE,Germany,FR,France,10650482958.0,754.1866666666666,130.54666666666665
2019,DE,Germany,HR,Croatia,3071281027.0,842.295,62.42
2019,DE,Germany,HU,Hungary,1759431635.0,790.77,122.24
2019,DE,Germany,IE,Ireland,721609366.0,964.32,105.38
2019,DE,Germany,IT,Italy,19764149370.0,760.7366666666667,141.23
2019,DE,Germany,NL,Netherlands,6915944482.0,491.59666666666664,100.14666666666666
2019,DE,Germany,NO,Norway,2976798750.0,1437.335,132.275
2019,DE,Germany,PL,Poland,3642433726.0,535.3633333333333,100.98333333333333
2019,DE,Germany,PT,Portugal,3491114869.0,929.495,104.39
2019,DE,Germany,RO,Romania,754932732.0,888.61,124.68
2019,DE,Germany,SE,Sweden,2276723475.0,769.81,70.58
2019,DE,Germany,TR,Turkey,6712516853.0,1067.19,111.57
2019,DE,Germany,UK,United Kingdom,5773437903.0,916.9266666666666,184.67666666666665
2019,DK,Denmark,AT,Austria,523962832.0,1136.745,168.82999999999998
2019,DK,Denmark,CH,Switzerland,78484938.0,910.65,220.59
2019,DK,Denmark,CZ,Czechia,108452445.0,841.17,179.91
2019,DK,Denmark,DE,Germany,2391976442.0,636.1866666666666,196.04999999999998
2019,DK,Denmark,DK,Denmark,10901401398.0,314.5733333333333,96.03666666666668
2019,DK,Denmark,EL,Greece,765111934.0,989.865,122.9
2019,DK,Denmark,ES,Spain,3879310381.0,1053.0433333333333,189.49333333333334
2019,DK,Denmark,FR,France,1028563596.0,997.3966666666666,185.1966666666667
2019,DK,Denmark,HR,Croatia,355173731.0,1552.1,131.20999999999998
2019,DK,Denmark,HU,Hungary,97489540.0,878.84,193.81
2019,DK,Denmark,IT,Italy,1623117490.0,1183.6366666666665,218.45666666666668
2019,DK,Denmark,NL,Netherlands,299413393.0,627.1533333333333,183.57000000000002
2019,DK,Denmark,NO,Norway,995787428.0,779.9699999999999,209.95000000000002
2019,DK,Denmark,PL,Poland,213048331.0,763.1800000000001,95.32499999999999
2019,DK,Denmark,PT,Portugal,322421756.0,985.75,73.1
2019,DK,Denmark,SE,Sweden,982922851.0,473.74333333333334,139.52
2019,DK,Denmark,TR,Turkey,642200391.0,1097.33,97.84
2019,DK,Denmark,UK,United Kingdom,693913172.0,820.2033333333334,213.54333333333332
2019,EE,Estonia,BG,Bulgaria,54313388.0,1277.055,154.215
2019,EE,Estonia,DE,Germany,152501429.0,859.7266666666666,190.83666666666667
2019,EE,Estonia,EE,Estonia,925714376.0,158.54666666666665,62.056666666666665
2019,EE,Estonia,EL,Greece,68851216.0,1212.76,126.03
2019,EE,Estonia,ES,Spain,215334140.0,1174.745,134.11
2019,EE,Estonia,FI,Finland,132020788.0,348.41,98.93333333333334
2019,EE,Estonia,FR,France,77401792.0,1044.65,120.11500000000001
2019,EE,Estonia,IT,Italy,123004514.0,1135.1,158.82999999999998
2019,EE,Estonia,LT,Lithuania,46557964.0,392.35,183.14
2019,EE,Estonia,LV,Latvia,106373894.0,285.33000000000004,167.58499999999998
2019,EE,Estonia,NL,Netherlands,28991798.0,1140.78,240.66
2019,EE,Estonia,NO,Norway,19549798.0,920.94,107.13
2019,EE,Estonia,PL,Poland,24520709.0,655.4,160.88
2019,EE,Estonia,SE,Sweden,99568114.0,489.59,125.38
2019,EE,Estonia,TR,Turkey,143916253.0,1243.77,158.875
2019,EE,Estonia,UK,United Kingdom,92124590.0,1106.99,186.34
2019,EL,Greece,AT,Austria,47307118.0,645.11,96.50999999999999
2019,EL,Greece,BG,Bulgaria,37856742.0,375.19000000000005,74.19333333333333
2019,EL,Greece,CY,Cyprus,50980742.0,479.65,40.025000000000006
2019,EL,Greece,DE,Germany,83631838.0,709.37,51.519999999999996
2019,EL,Greece,EL,Greece,3343934219.0,292.6233333333333,45.36333333333334
2019,EL,Greece,ES,Spain,20699457.0,681.12,106.88
2019,EL,Greece,FR,France,58284385.0,921.505,179.695
2019,EL,Greece,HU,Hungary,10995048.0,621.93,112.31
2019,EL,Greece,IT,Italy,110049487.0,663.64,126.73
2019,EL,Greece,NL,Netherlands,57521939.0,622.38,82.855
2019,EL,Greece,PL,Poland,22826828.0,560.1800000000001,90.195
2019,EL,Greece,RO,Romania,19095052.0,438.15,39.325
2019,EL,Greece,SE,Sweden,18058616.0,547.25,41.61
2019,EL,Greece,TR,Turkey,58933701.0,371.75333333333333,92.95
2019,EL,Greece,UK,United Kingdom,101505573.0,708.1949999999999,63.53
2019,ES,Spain,AT,Austria,291686368.0,672.0966666666667,145.61666666666665
2019,ES,Spain,BE,Belgium,516342532.0,690.7666666666668,176.2266666666667
2019,ES,Spain,BG,Bulgaria,169853071.0,798.5799999999999,80.985
2019,ES,Spain,CH,Switzerland,314730306.0,685.1466666666666,141.0
2019,ES,Spain,CZ,Czechia,388191386.0,828.5533333333333,178.89
2019,ES,Spain,DE,Germany,1556935638.0,737.6166666666667,175.81333333333336
2019,ES,Spain,DK,Denmark,119465347.0,884.235,150.215
2019,ES,Spain,EL,Greece,741069524.0,1286.995,138.495
2019,ES,Spain,ES,Spain,53876480404.0,239.96333333333337,55.29
2019,ES,Spain,FI,Finland,92595336.0,1027.47,111.25
2019,ES,Spain,FR,France,2816641522.0,544.9733333333334,122.69666666666666
2019,ES,Spain,HR,Croatia,194798174.0,1277.6750000000002,140.425
2019,ES,Spain,HU,Hungary,313291032.0,776.9666666666667,189.67
2019,ES,Spain,IE,Ireland,396158089.0,812.5833333333334,141.50666666666666
2019,ES,Spain,IS,Iceland,210745664.0,1225.45,148.04
2019,ES,Spain,IT,Italy,3064486134.0,771.2066666666666,161.17
2019,ES,Spain,MT,Malta,190620176.0,878.79,147.84500000000003
2019,ES,Spain,NL,Netherlands,646592516.0,756.4066666666666,169.01333333333332
2019,ES,Spain,NO,Norway,298964117.0,1330.815,188.265
2019,ES,Spain,PL,Poland,255817875.0,874.685,114.045
2019,ES,Spain,PT,Portugal,2286174930.0,486.0,112.41666666666667
2019,ES,Spain,RO,Romania,512966624.0,832.865,60.07
2019,ES,Spain,SE,Sweden,200907680.0,832.155,110.015
2019,ES,Spain,TR,Turkey,304189159.0,1288.68,197.825
2019,ES,Spain,UK,United Kingdom,1947135512.0,635.0633333333334,139.08
2019,FI,Finland,AT,Austria,285701602.0,1054.03,176.92000000000002
2019,FI,Finland,CZ,Czechia,139683267.0,787.0550000000001,149.08999999999997
2019,FI,Finland,DE,Germany,1259134302.0,993.73,216.37333333333333
2019,FI,Finland,DK,Denmark,317427707.0,870.675,160.835
2019,FI,Finland,EE,Estonia,1373932818.0,446.50666666666666,116.52666666666666
2019,FI,Finland,EL,Greece,619039184.0,1174.96,133.36
2019,FI,Finland,ES,Spain,1897512817.0,1246.06,113.91
2019,FI,Finland,FI,Finland,11533481632.0,224.51333333333332,69.84
2019,FI,Finland,FR,France,532814483.0,1275.1100000000001,189.79000000000002
2019,FI,Finland,HR,Croatia,292436619.0,1070.92,136.43
2019,FI,Finland,HU,Hungary,124231961.0,728.4100000000001,123.64999999999999
2019,FI,Finland,IT,Italy,776199874.0,1120.365,136.75
2019,FI,Finland,LV,Latvia,195200143.0,625.4549999999999,97.62
2019,FI,Finland,NL,Netherlands,224397476.0,940.95,170.875
2019,FI,Finland,NO,Norway,387562434.0,784.59,118.16499999999999
2019,FI,Finland,PL,Poland,234270254.0,667.175,117.74000000000001
2019,FI,Finland,PT,Portugal,342961012.0,1464.495,92.11
2019,FI,Finland,SE,Sweden,1780869112.0,521.4333333333333,125.67999999999999
2019,FI,Finland,TR,Turkey,419511596.0,1379.62,85.78
2019,FI,Finland,UK,United Kingdom,636246800.0,1145.6399999999999,150.47
2019,FR,France,AT,Austria,673442374.0,766.8566666666666,158.89000000000001
2019,FR,France,BE,Belgium,1230919740.0,377.45,101.49333333333334
2019,FR,France,BG,Bulgaria,186071963.0,1120.525,103.22
2019,FR,France,CH,Switzerland,927943306.0,505.0466666666667,115.10333333333334
2019,FR,France,CY,Cyprus,78117019.0,1189.64,168.23
2019,FR,France,CZ,Czechia,436815116.0,742.2533333333332,179.48333333333335
2019,FR,France,DE,Germany,2155720388.0,581.9433333333333,158.1966666666667
2019,FR,France,DK,Denmark,269695592.0,745.385,112.43
2019,FR,France,EL,Greece,2566429675.0,1330.605,133.695
2019,FR,France,ES,Spain,7460095542.0,655.7733333333334,123.66333333333334
2019,FR,France,FI,Finland,313574510.0,1610.67,167.25
2019,FR,France,FR,France,105924000300.0,305.27666666666664,68.17666666666666
2019,FR,France,HR,Croatia,748204254.0,1323.5349999999999,117.47
2019,FR,France,HU,Hungary,224968889.0,673.24,92.96000000000001
2019,FR,France,IE,Ireland,517936738.0,1101.6100000000001,156.725
2019,FR,France,IT,Italy,5518503856.0,733.02,148.63
2019,FR,France,LU,Luxembourg,86813923.0,231.89999999999998,125.22
2019,FR,France,MT,Malta,353742542.0,1059.315,153.41
2019,FR,France,NL,Netherlands,1063927799.0,582.0933333333334,143.42333333333335
2019,FR,France,NO,Norway,717680305.0,2201.67,238.615
2019,FR,France,PL,Poland,453002253.0,823.0550000000001,96.32499999999999
2019,FR,France,PT,Portugal,2540443300.0,695.9266666666666,118.08666666666666
2019,FR,France,RO,Romania,100840215.0,981.89,138.5
2019,FR,France,SE,Sweden,312815329.0,1239.845,70.885
2019,FR,France,TR,Turkey,518462286.0,1347.6799999999998,123.005
2019,FR,France,UK,United Kingdom,2819235257.0,706.0466666666666,171.51999999999998
2019,HR,Croatia,AT,Austria,124940958.0,334.2266666666667,97.00666666666666
2019,HR,Croatia,CH,Switzerland,33623581.0,641.705,62.325
2019,HR,Croatia,CZ,Czechia,50604745.0,554.0,146.825
2019,HR,Croatia,DE,Germany,264601877.0,420.2833333333333,80.77
2019,HR,Croatia,ES,Spain,24259482.0,709.8,139.06
2019,HR,Croatia,FR,France,28494778.0,566.27,147.58
2019,HR,Croatia,HR,Croatia,1407094028.0,194.51333333333332,43.696666666666665
2019,HR,Croatia,HU,Hungary,29114140.0,216.375,92.46000000000001
2019,HR,Croatia,IT,Italy,245228833.0,529.2233333333334,141.09
2019,HR,Croatia,NL,Netherlands,29626796.0,789.14,106.56
2019,HR,Croatia,SI,Slovenia,75162506.0,234.58333333333334,89.23333333333333
2019,HR,Croatia,TR,Turkey,68067692.0,610.62,102.07499999999999
2019,HR,Croatia,UK,United Kingdom,50313524.0,766.67,131.47
2019,HU,Hungary,AT,Austria,193467040.0,141.97,47.28666666666667
2019,HU,Hungary,BE,Belgium,65185681.0,308.9733333333333,87.18333333333334
2019,HU,Hungary,BG,Bulgaria,23767439.0,329.7,43.72
2019,HU,Hungary,CH,Switzerland,95236446.0,344.53000000000003,79.93333333333334
2019,HU,Hungary,CY,Cyprus,52307778.0,409.69,48.95
2019,HU,Hungary,CZ,Czechia,251247679.0,282.3233333333333,86.22666666666667
2019,HU,Hungary,DE,Germany,535932634.0,290.03333333333336,78.43333333333334
2019,HU,Hungary,DK,Denmark,13507639.0,322.385,51.83
2019,HU,Hungary,EL,Greece,332687734.0,476.2866666666667,93.46999999999998
2019,HU,Hungary,ES,Spain,177421550.0,371.4433333333333,78.04333333333334
2019,HU,Hungary,FI,Finland,20123139.0,393.35,55.095
2019,HU,Hungary,FR,France,147927218.0,384.9766666666667,86.65666666666668
2019,HU,Hungary,HR,Croatia,275296452.0,267.81,51.60999999999999
2019,HU,Hungary,HU,Hungary,2102356872.0,100.21,28.25666666666667
2019,HU,Hungary,IE,Ireland,8035222.0,345.48,41.38
2019,HU,Hungary,IT,Italy,310828158.0,305.4533333333333,70.32666666666667
2019,HU,Hungary,LT,Lithuania,9914478.0,620.28,67.66
2019,HU,Hungary,LV,Latvia,3981540.0,454.41,60.65
2019,HU,Hungary,MT,Malta,64688571.0,531.05,66.495
2019,HU,Hungary,NL,Netherlands,75246744.0,304.39666666666665,68.30333333333334
2019,HU,Hungary,NO,Norway,19379748.0,418.26,54.875
2019,HU,Hungary,PL,Poland,93855070.0,272.7633333333333,69.61666666666666
2019,HU,Hungary,PT,Portugal,37920805.0,499.63,53.980000000000004
2019,HU,Hungary,RO,Romania,137498930.0,84.64333333333333,25.75666666666667
2019,HU,Hungary,SE,Sweden,31128933.0,321.71500000000003,35.725
2019,HU,Hungary,SI,Slovenia,34046492.0,275.4266666666667,69.14
2019,HU,Hungary,SK,Slovakia,81281537.0,108.99666666666667,36.56333333333333
2019,HU,Hungary,TR,Turkey,117667802.0,417.6933333333333,80.51333333333334
2019,HU,Hungary,UK,United Kingdom,107891152.0,362.8766666666667,76.66666666666667
2019,IE,Ireland,AT,Austria,149070254.0,1159.635,190.195
2019,IE,Ireland,BE,Belgium,99378936.0,557.0799999999999,179.34666666666666
2019,IE,Ireland,BG,Bulgaria,58994589.0,867.61,102.235
2019,IE,Ireland,CH,Switzerland,68316155.0,1031.81,198.745
2019,IE,Ireland,CY,Cyprus,68365071.0,1570.335,154.29000000000002
2019,IE,Ireland,CZ,Czechia,38289061.0,522.855,116.95
2019,IE,Ireland,DE,Germany,310955219.0,651.9,171.47666666666666
2019,IE,Ireland,DK,Denmark,29512877.0,671.27,89.56
2019,IE,Ireland,EL,Greece,160746985.0,1061.8899999999999,100.285
2019,IE,Ireland,ES,Spain,2815623236.0,808.2833333333333,143.99333333333334
2019,IE,Ireland,FR,France,831744816.0,803.4433333333333,160.79666666666665
2019,IE,Ireland,HR,Croatia,228955519.0,1256.7199999999998,138.075
2019,IE,Ireland,HU,Hungary,76860633.0,885.72,118.355
2019,IE,Ireland,IE,Ireland,3596429851.0,236.44666666666663,77.99
2019,IE,Ireland,IS,Iceland,86406675.0,978.685,165.64999999999998
2019,IE,Ireland,IT,Italy,891776830.0,860.5933333333332,167.53333333333333
2019,IE,Ireland,MT,Malta,70252487.0,935.77,76.66
2019,IE,Ireland,NL,Netherlands,240860564.0,628.2933333333334,138.29333333333332
2019,IE,Ireland,PL,Poland,167368375.0,583.3766666666667,130.58333333333334
2019,IE,Ireland,PT,Portugal,754139716.0,786.1733333333333,155.04
2019,IE,Ireland,TR,Turkey,82656156.0,1287.15,145.2
2019,IE,Ireland,UK,United Kingdom,2178873848.0,436.7366666666667,129.95333333333335
2019,IT,Italy,AT,Austria,319197821.0,358.705,164.07
2019,IT,Italy,CH,Switzerland,161275191.0,221.385,86.91999999999999
2019,IT,Italy,CZ,Czechia,147809447.0,486.76,117.69
2019,IT,Italy,DE,Germany,977775644.0,490.69000000000005,96.7
2019,IT,Italy,EL,Greece,1423429693.0,921.8050000000001,100.625
2019,IT,Italy,ES,Spain,2270023494.0,565.9466666666666,114.12666666666667
2019,IT,Italy,FR,France,1569788364.0,565.6433333333333,112.77666666666666
2019,IT,Italy,HR,Croatia,490245312.0,312.90000000000003,63.15
2019,IT,Italy,IT,Italy,30928650622.0,334.38,75.04666666666667
2019,IT,Italy,NL,Netherlands,758908540.0,801.55,125.49000000000001
2019,IT,Italy,RO,Romania,839160862.0,405.34000000000003,40.614999999999995
2019,IT,Italy,UK,United Kingdom,1075784794.0,738.71,125.285
2019,LT,Lithuania,AT,Austria,28010730.0,584.7800000000001,128.46666666666667
2019,LT,Lithuania,BE,Belgium,18940211.0,509.06333333333333,101.96
2019,LT,Lithuania,BG,Bulgaria,32967107.0,594.025,73.305
2019,LT,Lithuania,CH,Switzerland,5889610.0,431.05999999999995,116.13
2019,LT,Lithuania,CY,Cyprus,17598719.0,400.28999999999996,48.32
2019,LT,Lithuania,CZ,Czechia,12269794.0,345.3633333333333,85.95333333333333
2019,LT,Lithuania,DE,Germany,139749435.0,452.19,83.07000000000001
2019,LT,Lithuania,DK,Denmark,128078326.0,644.5799999999999,94.38666666666666
2019,LT,Lithuania,EE,Estonia,69813992.0,301.08666666666664,79.31
2019,LT,Lithuania,EL,Greece,88244906.0,754.99,99.08
2019,LT,Lithuania,ES,Spain,72721770.0,475.5733333333333,88.43666666666667
2019,LT,Lithuania,FI,Finland,12297674.0,303.09666666666664,63.92333333333334
2019,LT,Lithuania,FR,France,32366930.0,527.3133333333334,90.46333333333332
2019,LT,Lithuania,HR,Croatia,19063267.0,693.855,86.68
2019,LT,Lithuania,IE,Ireland,28158624.0,332.54333333333335,57.63666666666666
2019,LT,Lithuania,IS,Iceland,3119280.0,636.08,72.05
2019,LT,Lithuania,IT,Italy,74784056.0,397.84999999999997,91.28333333333335
2019,LT,Lithuania,LT,Lithuania,409689420.0,83.21333333333332,27.05333333333333
2019,LT,Lithuania,LV,Latvia,94318660.0,196.19333333333336,50.903333333333336
2019,LT,Lithuania,NL,Netherlands,31318654.0,331.1233333333333,61.41
2019,LT,Lithuania,NO,Norway,100946364.0,439.33,73.28666666666668
2019,LT,Lithuania,PL,Poland,91039238.0,274.7266666666667,83.69333333333333
2019,LT,Lithuania,PT,Portugal,11697214.0,644.9649999999999,64.905
2019,LT,Lithuania,SE,Sweden,70449105.0,602.9266666666667,99.68333333333332
2019,LT,Lithuania,SK,Slovakia,16689876.0,527.21,83.12
2019,LT,Lithuania,TR,Turkey,197923278.0,589.7266666666667,124.2
2019,LT,Lithuania,UK,United Kingdom,131196355.0,280.7,51.843333333333334
2019,LU,Luxembourg,AT,Austria,207013684.0,1113.62,223.74333333333334
2019,LU,Luxembourg,BE,Belgium,169247286.0,479.3766666666667,131.79
2019,LU,Luxembourg,BG,Bulgaria,16227649.0,979.12,94.46000000000001
2019,LU,Luxembourg,CH,Switzerland,132118364.0,912.0666666666666,216.40666666666667
2019,LU,Luxembourg,CZ,Czechia,15915535.0,587.55,104.19999999999999
2019,LU,Luxembourg,DE,Germany,379723194.0,574.7366666666667,172.51666666666665
2019,LU,Luxembourg,DK,Denmark,34440470.0,783.48,161.70666666666668
2019,LU,Luxembourg,EL,Greece,115976457.0,1302.15,140.04000000000002
2019,LU,Luxembourg,ES,Spain,447185181.0,1109.7833333333333,194.75
2019,LU,Luxembourg,FR,France,675160108.0,702.3233333333334,152.56333333333333
2019,LU,Luxembourg,HR,Croatia,39496432.0,1337.4650000000001,145.345
2019,LU,Luxembourg,HU,Hungary,19722282.0,709.2,84.91
2019,LU,Luxembourg,IE,Ireland,26588183.0,836.79,126.67
2019,LU,Luxembourg,IT,Italy,427280513.0,953.6333333333333,176.09666666666666
2019,LU,Luxembourg,LU,Luxembourg,20245508.0,363.4633333333333,100.70666666666666
2019,LU,Luxembourg,MT,Malta,22663944.0,1009.335,163.19
2019,LU,Luxembourg,NL,Netherlands,129882194.0,539.4333333333333,156.49333333333334
2019,LU,Luxembourg,PL,Poland,19683555.0,792.51,92.16999999999999
2019,LU,Luxembourg,PT,Portugal,322866608.0,872.5433333333334,137.13333333333333
2019,LU,Luxembourg,RO,Romania,24160397.0,695.525,87.32
2019,LU,Luxembourg,SE,Sweden,32978828.0,999.015,141.22
2019,LU,Luxembourg,TR,Turkey,34939844.0,1278.76,125.91499999999999
2019,LU,Luxembourg,UK,United Kingdom,159910138.0,801.98,209.33333333333334
2019,LV,Latvia,DE,Germany,98220755.0,604.28,63.33
2019,LV,Latvia,EE,Estonia,43885883.0,138.22500000000002,85.755
2019,LV,Latvia,EL,Greece,71557910.0,711.33,95.73
2019,LV,Latvia,ES,Spain,65851630.0,662.28,69.63
2019,LV,Latvia,FI,Finland,31842787.0,563.72,141.49
2019,LV,Latvia,LT,Lithuania,41101251.0,125.82,80.83000000000001
2019,LV,Latvia,LV,Latvia,277996452.0,68.76333333333334,22.986666666666668
2019,LV,Latvia,PL,Poland,12647667.0,305.73,89.19
2019,LV,Latvia,SE,Sweden,52470930.0,278.2,98.89
2019,LV,Latvia,TR,Turkey,65799856.0,574.18,68.85
2019,LV,Latvia,UK,United Kingdom,43574994.0,347.095,51.95
2019,MK,North Macedonia,BG,Bulgaria,14617790.0,180.64666666666668,42.68
2019,MK,North Macedonia,CH,Switzerland,8745215.0,332.42,26.325000000000003
2019,MK,North Macedonia,DE,Germany,16903504.0,213.675,23.005
2019,MK,North Macedonia,EL,Greece,48716590.0,225.84666666666666,47.24
2019,MK,North Macedonia,HR,Croatia,7157684.0,272.65999999999997,35.18
2019,MK,North Macedonia,IT,Italy,8902441.0,223.98000000000002,24.07
2019,MK,North Macedonia,SI,Slovenia,4330086.0,263.015,36.67
2019,MK,North Macedonia,TR,Turkey,10956951.0,422.605,64.72
2019,MT,Malta,AT,Austria,27404311.0,966.0350000000001,171.635
2019,MT,Malta,BE,Belgium,28772181.0,670.1233333333333,186.79333333333332
2019,MT,Malta,CY,Cyprus,12525201.0,1055.9450000000002,138.73000000000002
2019,MT,Malta,DE,Germany,55168600.0,786.5466666666666,174.29
2019,MT,Malta,EL,Greece,24115329.0,990.31,149.755
2019,MT,Malta,ES,Spain,74065322.0,815.8366666666667,183.13333333333333
2019,MT,Malta,FR,France,48956578.0,910.03,155.68
2019,MT,Malta,HU,Hungary,14600020.0,713.2449999999999,134.41
2019,MT,Malta,IE,Ireland,13958342.0,793.7149999999999,121.43
2019,MT,Malta,IT,Italy,269874468.0,675.0300000000001,176.69333333333336
2019,MT,Malta,MT,Malta,78617020.0,200.65333333333334,61.626666666666665
2019,MT,Malta,NL,Netherlands,33731047.0,826.4100000000001,135.95499999999998
2019,MT,Malta,PL,Poland,28221147.0,849.4,136.765
2019,MT,Malta,PT,Portugal,17903446.0,868.9549999999999,130.64499999999998
2019,MT,Malta,SI,Slovenia,11608081.0,883.82,143.64499999999998
2019,MT,Malta,SK,Slovakia,4522645.0,689.06,125.54
2019,MT,Malta,UK,United Kingdom,190960990.0,781.75,179.72333333333333
2019,NL,Netherlands,AT,Austria,1758261497.0,719.5666666666666,135.73333333333332
2019,NL,Netherlands,BE,Belgium,1132324582.0,285.4266666666667,87.14666666666666
2019,NL,Netherlands,BG,Bulgaria,95936053.0,623.63,54.64
2019,NL,Netherlands,CH,Switzerland,316112025.0,744.375,88.465
2019,NL,Netherlands,CY,Cyprus,104526032.0,1100.29,115.7
2019,NL,Netherlands,CZ,Czechia,335229014.0,544.4133333333333,107.45666666666666
2019,NL,Netherlands,DE,Germany,3069247613.0,401.5733333333333,96.27
2019,NL,Netherlands,DK,Denmark,325428289.0,637.09,113.74666666666667
2019,NL,Netherlands,EL,Greece,1769384072.0,1050.69,97.405
2019,NL,Netherlands,ES,Spain,3930175791.0,761.1366666666667,117.27666666666666
2019,NL,Netherlands,FI,Finland,172759286.0,1298.73,201.905
2019,NL,Netherlands,FR,France,2759605000.0,552.5600000000001,95.88
2019,NL,Netherlands,HR,Croatia,473905121.0,909.215,69.11
2019,NL,Netherlands,HU,Hungary,151266198.0,697.395,54.04
2019,NL,Netherlands,IE,Ireland,180360205.0,988.9000000000001,109.175
2019,NL,Netherlands,IS,Iceland,185711865.0,2232.49,229.635
2019,NL,Netherlands,IT,Italy,2087308658.0,767.1333333333333,128.42
2019,NL,Netherlands,LU,Luxembourg,113482825.0,331.66,72.69333333333334
2019,NL,Netherlands,NL,Netherlands,7717309278.0,179.05333333333337,43.47
2019,NL,Netherlands,NO,Norway,590598962.0,1508.27,115.36
2019,NL,Netherlands,PL,Poland,319408897.0,515.37,110.64333333333333
2019,NL,Netherlands,PT,Portugal,953465942.0,755.9633333333335,108.50666666666666
2019,NL,Netherlands,RO,Romania,101948090.0,718.065,79.76499999999999
2019,NL,Netherlands,SE,Sweden,293282460.0,746.0500000000001,118.03666666666668
2019,NL,Netherlands,SI,Slovenia,81439504.0,957.8499999999999,47.63
2019,NL,Netherlands,TR,Turkey,1117862567.0,922.74,79.35
2019,NL,Netherlands,UK,United Kingdom,1822116608.0,732.9466666666667,156.44666666666666
2019,PL,Poland,AT,Austria,489671478.0,503.21999999999997,97.24
2019,PL,Poland,BE,Belgium,145228151.0,560.5366666666667,92.28666666666668
2019,PL,Poland,BG,Bulgaria,325690750.0,603.71,70.83
2019,PL,Poland,CH,Switzerland,229411953.0,1025.2633333333333,128.44666666666666
2019,PL,Poland,CY,Cyprus,70750954.0,704.375,87.955
2019,PL,Poland,CZ,Czechia,829344116.0,524.2633333333333,142.32
2019,PL,Poland,DE,Germany,1789338581.0,340.3966666666667,61.64333333333334
2019,PL,Poland,DK,Denmark,117948750.0,457.0566666666667,96.14
2019,PL,Poland,EE,Estonia,5132842.0,449.78,52.25
2019,PL,Poland,EL,Greece,1161233332.0,618.8433333333334,115.05666666666667
2019,PL,Poland,ES,Spain,1064985746.0,604.5966666666667,110.10000000000001
2019,PL,Poland,FI,Finland,32907345.0,741.135,60.825
2019,PL,Poland,FR,France,465992218.0,592.3066666666667,102.33999999999999
2019,PL,Poland,HR,Croatia,858636970.0,587.0500000000001,109.87666666666667
2019,PL,Poland,HU,Hungary,213801496.0,346.0466666666667,78.37666666666667
2019,PL,Poland,IE,Ireland,203240209.0,480.015,34.05
2019,PL,Poland,IS,Iceland,35111108.0,999.475,59.44
2019,PL,Poland,IT,Italy,1222074164.0,500.95666666666665,89.09666666666668
2019,PL,Poland,LT,Lithuania,111643776.0,284.22,76.61333333333333
2019,PL,Poland,LV,Latvia,27518543.0,1069.08,120.695
2019,PL,Poland,MT,Malta,61931417.0,680.9200000000001,93.18
2019,PL,Poland,NL,Netherlands,376814014.0,653.4566666666666,84.97666666666667
2019,PL,Poland,NO,Norway,335785102.0,544.4866666666667,89.14999999999999
2019,PL,Poland,PL,Poland,14306597524.0,153.27333333333334,32.67333333333333
2019,PL,Poland,PT,Portugal,243615990.0,861.625,101.345
2019,PL,Poland,RO,Romania,34215367.0,582.0250000000001,77.285
2019,PL,Poland,SE,Sweden,282513782.0,423.7666666666667,69.32666666666667
2019,PL,Poland,SI,Slovenia,14812674.0,563.44,98.33500000000001
2019,PL,Poland,SK,Slovakia,224898797.0,275.81,60.57333333333333
2019,PL,Poland,TR,Turkey,484451266.0,746.185,89.845
2019,PL,Poland,UK,United Kingdom,977640752.0,418.47,66.92333333333333
2019,PT,Portugal,AT,Austria,32429325.0,717.575,135.315
2019,PT,Portugal,BE,Belgium,51647971.0,485.1933333333333,118.33
2019,PT,Portugal,CH,Switzerland,105999688.0,403.78,64.99666666666667
2019,PT,Portugal,CZ,Czechia,16694123.0,540.0,127.93
2019,PT,Portugal,DE,Germany,134940094.0,529.1366666666667,115.62666666666667
2019,PT,Portugal,EL,Greece,61844535.0,997.725,120.17500000000001
2019,PT,Portugal,ES,Spain,686467654.0,398.1433333333334,87.47333333333334
2019,PT,Portugal,FR,France,281880099.0,422.3833333333334,84.34666666666668
2019,PT,Portugal,HR,Croatia,15481047.0,994.29,141.94
2019,PT,Portugal,IE,Ireland,29979849.0,547.98,95.945
2019,PT,Portugal,IT,Italy,222429019.0,599.84,115.33
2019,PT,Portugal,LU,Luxembourg,15395486.0,406.55,30.13
2019,PT,Portugal,NL,Netherlands,61895090.0,601.0033333333333,132.82333333333335
2019,PT,Portugal,PL,Poland,55036709.0,646.515,72.99
2019,PT,Portugal,PT,Portugal,4884810968.0,170.65666666666667,40.13333333333333
2019,PT,Portugal,TR,Turkey,35302643.0,867.9300000000001,119.38
2019,PT,Portugal,UK,United Kingdom,160092095.0,478.4533333333334,104.56
2019,RO,Romania,AT,Austria,118157609.0,421.33,95.19
2019,RO,Romania,BG,Bulgaria,173379935.0,375.59,78.93
2019,RO,Romania,DE,Germany,75540989.0,362.495,40.68
2019,RO,Romania,EL,Greece,248016143.0,498.825,75.10499999999999
2019,RO,Romania,ES,Spain,145755851.0,554.925,70.93
2019,RO,Romania,FR,France,35828164.0,557.21,59.87
2019,RO,Romania,HU,Hungary,67309199.0,216.38666666666666,56.23333333333333
2019,RO,Romania,IT,Italy,239224329.0,369.96000000000004,69.09333333333333
2019,RO,Romania,RO,Romania,5271841575.0,159.09,41.12
2019,RO,Romania,TR,Turkey,114491008.0,692.23,102.07
2019,RO,Romania,UK,United Kingdom,28063639.0,362.61,32.705
2019,SE,Sweden,AT,Austria,612197435.0,1569.98,214.165
2019,SE,Sweden,BE,Belgium,170118775.0,1093.23,284.05
2019,SE,Sweden,CH,Switzerland,199530051.0,1382.32,283.0
2019,SE,Sweden,CY,Cyprus,226116092.0,1260.885,161.13
2019,SE,Sweden,CZ,Czechia,177025216.0,946.85,255.77
2019,SE,Sweden,DE,Germany,2559067791.0,902.5733333333333,219.35
2019,SE,Sweden,DK,Denmark,1912692010.0,593.0500000000001,188.67333333333332
2019,SE,Sweden,EL,Greece,2001930109.0,1427.79,137.25
2019,SE,Sweden,ES,Spain,7538086264.0,1471.2300000000002,242.45666666666668
2019,SE,Sweden,FI,Finland,2097759368.0,646.6833333333333,203.9
2019,SE,Sweden,FR,France,1755009365.0,1288.9566666666667,272.94666666666666
2019,SE,Sweden,HR,Croatia,1332937323.0,1906.48,166.72500000000002
2019,SE,Sweden,HU,Hungary,201513899.0,1115.29,190.4
2019,SE,Sweden,IT,Italy,3425110303.0,1779.4650000000001,226.08499999999998
2019,SE,Sweden,NL,Netherlands,401629984.0,825.705,282.01
2019,SE,Sweden,NO,Norway,1926791320.0,664.3733333333333,166.55666666666667
2019,SE,Sweden,PL,Poland,637595240.0,677.9733333333334,140.42
2019,SE,Sweden,PT,Portugal,514112586.0,1256.2849999999999,173.975
2019,SE,Sweden,SE,Sweden,23554576096.0,348.6933333333333,101.14333333333333
2019,SE,Sweden,TR,Turkey,1339148718.0,1352.48,161.27499999999998
2019,SE,Sweden,UK,United Kingdom,2001974180.0,1062.6566666666668,296.14666666666665
2019,SI,Slovenia,AT,Austria,88348977.0,277.17333333333335,90.77333333333333
2019,SI,Slovenia,CZ,Czechia,20702121.0,315.95500000000004,130.32
2019,SI,Slovenia,DE,Germany,125101980.0,462.0466666666666,123.63
2019,SI,Slovenia,EL,Greece,64469102.0,734.56,100.615
2019,SI,Slovenia,ES,Spain,71689694.0,585.625,76.77
2019,SI,Slovenia,FR,France,61921191.0,693.8299999999999,93.91499999999999
2019,SI,Slovenia,HR,Croatia,655396404.0,209.46666666666667,41.096666666666664
2019,SI,Slovenia,HU,Hungary,19570503.0,200.31,95.63
2019,SI,Slovenia,IT,Italy,183023542.0,329.9766666666667,92.23333333333335
2019,SI,Slovenia,SI,Slovenia,454314949.0,168.58,47.36000000000001
2019,SI,Slovenia,UK,United Kingdom,26278887.0,661.91,147.6
2019,SK,Slovakia,AT,Austria,261667341.0,329.99333333333334,85.07333333333334
2019,SK,Slovakia,BG,Bulgaria,58354298.0,584.61,75.96
2019,SK,Slovakia,CZ,Czechia,546159330.0,177.33666666666667,52.89333333333334
2019,SK,Slovakia,DE,Germany,84565132.0,273.33,63.02
2019,SK,Slovakia,EL,Greece,156017325.0,706.38,81.88
2019,SK,Slovakia,ES,Spain,138339637.0,584.91,94.44
2019,SK,Slovakia,HR,Croatia,450777593.0,520.625,66.84
2019,SK,Slovakia,HU,Hungary,131917430.0,273.78,78.61333333333333
2019,SK,Slovakia,IT,Italy,406488764.0,632.5899999999999,89.39500000000001
2019,SK,Slovakia,PL,Poland,51244624.0,218.695,67.85
2019,SK,Slovakia,SK,Slovakia,2567532370.0,165.11333333333332,42.879999999999995
2019,SK,Slovakia,TR,Turkey,371383028.0,915.44,104.77
2019,SK,Slovakia,UK,United Kingdom,113219700.0,378.42499999999995,49.3
2022,AT,Austria,AT,Austria,11444556864.0,489.03,140.19666666666666
2022,AT,Austria,BE,Belgium,133327586.0,771.0866666666667,223.9333333333333
2022,AT,Austria,CH,Switzerland,322818904.0,645.7366666666667,182.37666666666667
2022,AT,Austria,CY,Cyprus,134139613.0,1403.83,188.015
2022,AT,Austria,CZ,Czechia,313954830.0,487.9433333333333,148.29999999999998
2022,AT,Austria,DE,Germany,2431516694.0,625.0,168.44333333333333
2022,AT,Austria,EL,Greece,1775744972.0,1697.995,188.935
2022,AT,Austria,ES,Spain,1665835438.0,1267.3233333333335,202.60333333333332
2022,AT,Austria,FI,Finland,62679434.0,1673.39,172.0
2022,AT,Austria,FR,France,964469766.0,1276.0233333333333,237.68666666666664
2022,AT,Austria,HR,Croatia,2382686904.0,784.46,158.33666666666667
2022,AT,Austria,HU,Hungary,419723506.0,439.42333333333335,122.17666666666666
2022,AT,Austria,IE,Ireland,177202323.0,1289.8600000000001,177.37
2022,AT,Austria,IT,Italy,4795744992.0,876.11,186.3066666666667
2022,AT,Austria,NL,Netherlands,220835258.0,881.1633333333333,204.18999999999997
2022,AT,Austria,NO,Norway,215693366.0,2383.335,184.195
2022,AT,Austria,PL,Poland,198245364.0,496.52,109.86
2022,AT,Austria,PT,Portugal,542477920.0,2104.19,214.445
2022,AT,Austria,RO,Romania,81816595.0,593.775,91.275
2022,AT,Austria,SE,Sweden,163631840.0,1632.49,167.115
2022,AT,Austria,SI,Slovenia,300803324.0,598.73,170.82333333333335
2022,AT,Austria,SK,Slovakia,102569568.0,232.41,98.305
2022,AT,Austria,TR,Turkey,829043149.0,1816.01,128.98499999999999
2022,AT,Austria,UK,United Kingdom,566078551.0,1184.17,271.05333333333334
2022,BE,Belgium,AT,Austria,597152126.0,731.3000000000001,146.59333333333333
2022,BE,Belgium,BE,Belgium,2172605194.0,262.8433333333333,75.19333333333334
2022,BE,Belgium,BG,Bulgaria,68479977.0,637.685,45.025
2022,BE,Belgium,CH,Switzerland,336389432.0,661.8466666666667,142.81333333333333
2022,BE,Belgium,CZ,Czechia,65651444.0,591.4549999999999,78.69999999999999
2022,BE,Belgium,DE,Germany,598137336.0,368.23333333333335,101.75333333333333
2022,BE,Belgium,DK,Denmark,132564515.0,975.565,142.73000000000002
2022,BE,Belgium,EL,Greece,778200778.0,1143.485,123.87
2022,BE,Belgium,ES,Spain,3024311766.0,781.7533333333334,122.06333333333333
2022,BE,Belgium,FR,France,4523181214.0,517.3366666666667,104.89
2022,BE,Belgium,HR,Croatia,180105149.0,859.635,78.265
2022,BE,Belgium,HU,Hungary,98690448.0,598.0999999999999,69.105
2022,BE,Belgium,IE,Ireland,64295219.0,664.46,77.74000000000001
2022,BE,Belgium,IT,Italy,1889173402.0,805.2933333333334,137.85333333333332
2022,BE,Belgium,LU,Luxembourg,86012433.0,241.23,106.03999999999999
2022,BE,Belgium,NL,Netherlands,813444228.0,305.6466666666667,94.51666666666667
2022,BE,Belgium,NO,Norway,140467974.0,1302.5549999999998,147.38
2022,BE,Belgium,PL,Poland,123507835.0,479.65999999999997,43.685
2022,BE,Belgium,PT,Portugal,634272528.0,771.0333333333333,127.70666666666666
2022,BE,Belgium,RO,Romania,100993928.0,482.47499999999997,32.305
2022,BE,Belgium,SE,Sweden,112863198.0,740.355,71.035
2022,BE,Belgium,TR,Turkey,498921529.0,793.51,60.06
2022,BE,Belgium,UK,United Kingdom,319953117.0,515.2733333333333,120.38666666666666
2022,BG,Bulgaria,BG,Bulgaria,1525301262.0,236.53333333333333,59.98
2022,BG,Bulgaria,DE,Germany,60163538.0,609.4200000000001,57.019999999999996
2022,BG,Bulgaria,EL,Greece,255618648.0,448.05,92.41333333333334
2022,BG,Bulgaria,ES,Spain,65151603.0,792.45,135.005
2022,BG,Bulgaria,IT,Italy,87026300.0,718.1099999999999,125.825
2022,BG,Bulgaria,RO,Romania,11424542.0,277.65,68.26
2022,BG,Bulgaria,TR,Turkey,192316182.0,387.99666666666667,92.42666666666666
2022,CY,Cyprus,CY,Cyprus,533048166.0,188.43999999999997,58.11333333333334
2022,CY,Cyprus,EL,Greece,761067912.0,795.4200000000001,163.58333333333334
2022,CY,Cyprus,FR,France,49585423.0,1454.36,353.81
2022,CY,Cyprus,IT,Italy,121236390.0,1194.44,197.89499999999998
2022,CY,Cyprus,UK,United Kingdom,412984639.0,1250.9050000000002,101.71000000000001
2022,CZ,Czechia,AT,Austria,439831969.0,384.8966666666667,85.62666666666667
2022,CZ,Czechia,BG,Bulgaria,148035558.0,544.37,68.26
2022,CZ,Czechia,CZ,Czechia,5293586936.0,116.00333333333333,29.53
2022,CZ,Czechia,DE,Germany,191009468.0,349.8033333333333,83.95666666666666
2022,CZ,Czechia,EL,Greece,543021208.0,748.51,97.0
2022,CZ,Czechia,ES,Spain,446327416.0,777.0550000000001,104.83500000000001
2022,CZ,Czechia,FR,France,175097992.0,639.125,101.345
2022,CZ,Czechia,HR,Croatia,929075896.0,543.46,68.83
2022,CZ,Czechia,HU,Hungary,212792670.0,370.93666666666667,88.63333333333333
2022,CZ,Czechia,IT,Italy,716085786.0,540.82,121.38999999999999
2022,CZ,Czechia,PL,Poland,224729318.0,258.18666666666667,60.946666666666665
2022,CZ,Czechia,PT,Portugal,169829764.0,838.29,87.33
2022,CZ,Czechia,SK,Slovakia,514199220.0,215.85000000000002,49.39000000000001
2022,CZ,Czechia,TR,Turkey,351830958.0,691.36,90.14
2022,CZ,Czechia,UK,United Kingdom,49220466.0,587.49,119.95
2022,DE,Germany,AT,Austria,17269951061.0,680.37,149.26666666666668
2022,DE,Germany,BE,Belgium,469990845.0,480.41,130.26
2022,DE,Germany,CH,Switzerland,3273120204.0,621.25,134.57000000000002
2022,DE,Germany,CZ,Czechia,1289714482.0,482.7033333333334,133.63
2022,DE,Germany,DE,Germany,96024562178.0,381.74,96.58
2022,DE,Germany,DK,Denmark,4086500088.0,701.585,82.075
2022,DE,Germany,EL,Greece,7798525124.0,1156.4499999999998,110.825
2022,DE,Germany,ES,Spain,23435299936.0,1280.725,127.285
2022,DE,Germany,FR,France,11797067436.0,882.66,141.07666666666668
2022,DE,Germany,HR,Croatia,5953479985.0,902.895,85.96000000000001
2022,DE,Germany,HU,Hungary,1033892573.0,1109.15,101.38
2022,DE,Germany,IT,Italy,23754172376.0,926.2733333333334,177.89333333333332
2022,DE,Germany,NL,Netherlands,5990353234.0,502.4433333333333,111.38333333333333
2022,DE,Germany,NO,Norway,3238279733.0,1554.285,73.38999999999999
2022,DE,Germany,PL,Poland,3075274738.0,526.1033333333334,97.86333333333333
2022,DE,Germany,PT,Portugal,7269454732.0,1696.6950000000002,139.15
2022,DE,Germany,SE,Sweden,2871596788.0,1100.66,80.9
2022,DE,Germany,TR,Turkey,8670703816.0,1253.53,105.16999999999999
2022,DE,Germany,UK,United Kingdom,5777796637.0,1182.82,235.48333333333335
2022,EE,Estonia,DE,Germany,109058340.0,1420.01,252.29000000000002
2022,EE,Estonia,EE,Estonia,941616522.0,222.86999999999998,79.64999999999999
2022,EE,Estonia,EL,Greece,91135550.0,1347.16,155.38
2022,EE,Estonia,ES,Spain,168835753.0,1411.9699999999998,135.61
2022,EE,Estonia,FI,Finland,115921905.0,447.0566666666667,98.92333333333333
2022,EE,Estonia,FR,France,63976644.0,1192.9699999999998,166.725
2022,EE,Estonia,IT,Italy,213136404.0,1218.935,158.215
2022,EE,Estonia,LT,Lithuania,31733507.0,470.865,174.63
2022,EE,Estonia,LV,Latvia,82444282.0,328.675,169.73000000000002
2022,EE,Estonia,NO,Norway,24790795.0,1354.89,96.27
2022,EE,Estonia,PL,Poland,16980229.0,663.55,142.67
2022,EE,Estonia,SE,Sweden,77039338.0,556.1966666666667,142.43666666666667
2022,EE,Estonia,TR,Turkey,249986507.0,1531.315,165.97
2022,EE,Estonia,UK,United Kingdom,39178526.0,1220.46,265.0
2022,EL,Greece,AT,Austria,13528306.0,1072.9,188.92
2022,EL,Greece,BG,Bulgaria,34579863.0,504.77,86.67
2022,EL,Greece,CH,Switzerland,44603699.0,1137.615,192.625
2022,EL,Greece,CY,Cyprus,48030719.0,632.7850000000001,41.355000000000004
2022,EL,Greece,DE,Germany,84961221.0,622.0699999999999,60.83
2022,EL,Greece,EL,Greece,4645271596.0,353.50666666666666,55.973333333333336
2022,EL,Greece,ES,Spain,108543132.0,1235.33,80.345
2022,EL,Greece,FR,France,102561351.0,1029.23,145.49
2022,EL,Greece,HU,Hungary,19670502.0,545.3149999999999,124.99
2022,EL,Greece,IT,Italy,177067724.0,776.0600000000001,177.91
2022,EL,Greece,NL,Netherlands,16866109.0,1031.83,181.59
2022,EL,Greece,RO,Romania,26320830.0,488.07000000000005,38.235
2022,EL,Greece,TR,Turkey,52933236.0,549.86,119.12333333333333
2022,EL,Greece,UK,United Kingdom,181459154.0,1192.9850000000001,124.63
2022,ES,Spain,AT,Austria,359969134.0,1093.5349999999999,142.69
2022,ES,Spain,BE,Belgium,333514739.0,660.2333333333332,152.06
2022,ES,Spain,CH,Switzerland,198268952.0,843.94,83.97
2022,ES,Spain,CZ,Czechia,210963777.0,820.115,159.185
2022,ES,Spain,DE,Germany,968013768.0,753.5833333333334,153.04999999999998
2022,ES,Spain,DK,Denmark,91255125.0,817.585,152.19
2022,ES,Spain,EL,Greece,764972751.0,1392.665,162.42000000000002
2022,ES,Spain,ES,Spain,59880596620.0,288.49333333333334,64.18666666666667
2022,ES,Spain,FR,France,3131549658.0,604.8866666666667,132.08
2022,ES,Spain,HR,Croatia,164176554.0,1205.87,139.94
2022,ES,Spain,HU,Hungary,149895522.0,954.7850000000001,126.155
2022,ES,Spain,IE,Ireland,359665602.0,1392.62,104.63
2022,ES,Spain,IT,Italy,2848049136.0,824.4900000000001,161.68666666666667
2022,ES,Spain,NL,Netherlands,361102758.0,794.2199999999999,155.40333333333334
2022,ES,Spain,NO,Norway,230594629.0,1416.745,205.96
2022,ES,Spain,PL,Poland,162513778.0,896.94,95.855
2022,ES,Spain,PT,Portugal,1873418272.0,530.5666666666667,119.65333333333332
2022,ES,Spain,RO,Romania,354586824.0,800.06,51.275
2022,ES,Spain,SE,Sweden,211835729.0,1555.35,194.375
2022,ES,Spain,TR,Turkey,463646545.0,1601.87,220.45499999999998
2022,ES,Spain,UK,United Kingdom,1532301527.0,685.0766666666667,127.27333333333333
2022,FI,Finland,DE,Germany,690310311.0,1262.5349999999999,115.975
2022,FI,Finland,DK,Denmark,294880535.0,1037.06,170.635
2022,FI,Finland,EE,Estonia,1191729818.0,511.08,130.29
2022,FI,Finland,EL,Greece,727179431.0,1181.8600000000001,130.17000000000002
2022,FI,Finland,ES,Spain,1720917124.0,1431.64,112.7
2022,FI,Finland,FI,Finland,12299404660.0,251.91333333333333,71.23
2022,FI,Finland,FR,France,456153303.0,1350.935,162.85000000000002
2022,FI,Finland,IT,Italy,746366493.0,1375.24,149.86
2022,FI,Finland,NL,Netherlands,281650458.0,1035.655,152.845
2022,FI,Finland,NO,Norway,456436588.0,954.21,114.24000000000001
2022,FI,Finland,PL,Poland,149441240.0,813.075,136.415
2022,FI,Finland,PT,Portugal,358977994.0,1386.56,111.22
2022,FI,Finland,SE,Sweden,1238227814.0,582.6933333333333,146.88
2022,FI,Finland,TR,Turkey,249516168.0,1192.83,130.07
2022,FI,Finland,UK,United Kingdom,392107114.0,1126.795,174.11
2022,FR,France,AT,Austria,550496077.0,921.3050000000001,128.755
2022,FR,France,BE,Belgium,1327238272.0,417.90000000000003,136.89666666666668
2022,FR,France,BG,Bulgaria,100239563.0,1189.13,128.88
2022,FR,France,CH,Switzerland,959260208.0,504.6466666666667,130.14000000000001
2022,FR,France,CZ,Czechia,153160505.0,730.67,191.98
2022,FR,France,DE,Germany,2322020992.0,608.4133333333334,177.72333333333333
2022,FR,France,DK,Denmark,112219477.0,1093.33,177.67
2022,FR,France,EL,Greece,3154547820.0,1400.08,156.735
2022,FR,France,ES,Spain,8907521685.0,701.16,138.47666666666666
2022,FR,France,FR,France,126259654600.0,336.12333333333333,77.05
2022,FR,France,HR,Croatia,404407522.0,1209.15,121.11500000000001
2022,FR,France,HU,Hungary,70999765.0,700.38,165.11
2022,FR,France,IE,Ireland,665790812.0,1390.98,154.28500000000003
2022,FR,France,IT,Italy,6354285035.0,834.79,180.32666666666668
2022,FR,France,LU,Luxembourg,87013924.0,256.475,105.91
2022,FR,France,MT,Malta,428187663.0,1173.475,173.1
2022,FR,France,NL,Netherlands,999423136.0,635.2633333333333,150.87666666666667
2022,FR,France,NO,Norway,744267539.0,2580.375,223.62
2022,FR,France,PL,Poland,344266577.0,1024.985,131.74
2022,FR,France,PT,Portugal,3154235466.0,854.5300000000001,159.84666666666666
2022,FR,France,SE,Sweden,239009111.0,1037.1950000000002,148.305
2022,FR,France,TR,Turkey,607330241.0,1428.52,143.505
2022,FR,France,UK,United Kingdom,2156987156.0,847.6166666666668,194.33
2022,HR,Croatia,AT,Austria,68935706.0,333.1333333333333,90.63666666666667
2022,HR,Croatia,DE,Germany,161874324.0,530.3566666666667,99.62333333333333
2022,HR,Croatia,ES,Spain,64672483.0,990.5799999999999,137.42000000000002
2022,HR,Croatia,FR,France,40300750.0,810.22,129.695
2022,HR,Croatia,HR,Croatia,1706951707.0,272.84999999999997,53.74333333333333
2022,HR,Croatia,HU,Hungary,47804264.0,297.385,119.66
2022,HR,Croatia,IT,Italy,110941335.0,522.3933333333333,129.75
2022,HR,Croatia,SI,Slovenia,72293640.0,372.5466666666666,101.84333333333332
2022,HR,Croatia,TR,Turkey,28431289.0,896.405,80.44
2022,HR,Croatia,UK,United Kingdom,54237133.0,1038.825,159.33499999999998
2022,HU,Hungary,AT,Austria,297260370.0,181.49666666666667,56.72333333333333
2022,HU,Hungary,BE,Belgium,70637051.0,417.33666666666664,103.94666666666666
2022,HU,Hungary,BG,Bulgaria,35582678.0,303.6233333333334,56.9
2022,HU,Hungary,CH,Switzerland,132252320.0,344.0833333333333,84.55666666666667
2022,HU,Hungary,CY,Cyprus,44155864.0,539.035,80.75
2022,HU,Hungary,CZ,Czechia,136282742.0,231.08666666666667,70.23333333333333
2022,HU,Hungary,DE,Germany,520506484.0,358.3333333333333,84.33999999999999
2022,HU,Hungary,DK,Denmark,19220338.0,368.78499999999997,73.975
2022,HU,Hungary,EL,Greece,310075146.0,555.49,77.215
2022,HU,Hungary,ES,Spain,265196360.0,447.44,97.17
2022,HU,Hungary,FI,Finland,5086394.0,430.03,82.45
2022,HU,Hungary,FR,France,191335572.0,443.3066666666667,104.21
2022,HU,Hungary,HR,Croatia,251871026.0,351.33,68.22666666666667
2022,HU,Hungary,HU,Hungary,2291426002.0,124.11666666666666,36.79333333333333
2022,HU,Hungary,IT,Italy,376724292.0,415.31333333333333,91.79666666666667
2022,HU,Hungary,MT,Malta,70558782.0,609.99,80.39500000000001
2022,HU,Hungary,NL,Netherlands,119614276.0,399.6766666666667,101.55333333333333
2022,HU,Hungary,NO,Norway,20144548.0,489.93,52.394999999999996
2022,HU,Hungary,PL,Poland,104206497.0,299.2833333333333,77.51666666666667
2022,HU,Hungary,PT,Portugal,23079409.0,468.225,55.775
2022,HU,Hungary,RO,Romania,52792108.0,125.75666666666666,29.19666666666667
2022,HU,Hungary,SE,Sweden,22753180.0,287.6,37.349999999999994
2022,HU,Hungary,SI,Slovenia,6861044.0,217.71,95.18
2022,HU,Hungary,SK,Slovakia,38283235.0,68.32,45.489999999999995
2022,HU,Hungary,TR,Turkey,125755567.0,522.1166666666667,105.86333333333333
2022,HU,Hungary,UK,United Kingdom,109286698.0,406.74666666666667,89.20333333333333
2022,IE,Ireland,BE,Belgium,68661008.0,754.54,131.43
2022,IE,Ireland,DE,Germany,330230944.0,681.4133333333333,152.56
2022,IE,Ireland,EL,Greece,564379666.0,1669.335,143.38
2022,IE,Ireland,ES,Spain,2977517164.0,974.71,164.24
2022,IE,Ireland,FR,France,913266718.0,917.9900000000001,154.84666666666666
2022,IE,Ireland,HR,Croatia,220275236.0,1157.61,157.68
2022,IE,Ireland,IE,Ireland,4803294730.0,265.99,89.84333333333332
2022,IE,Ireland,IT,Italy,1067426954.0,1012.0600000000001,198.38333333333335
2022,IE,Ireland,NL,Netherlands,313101065.0,896.86,278.03499999999997
2022,IE,Ireland,PL,Poland,176719712.0,625.115,66.18
2022,IE,Ireland,PT,Portugal,917166071.0,1170.845,149.32999999999998
2022,IE,Ireland,UK,United Kingdom,2075396460.0,471.2266666666667,138.09
2022,IT,Italy,AT,Austria,418602870.0,509.7,116.28333333333335
2022,IT,Italy,CH,Switzerland,346246778.0,372.2533333333333,61.81666666666666
2022,IT,Italy,DE,Germany,585642090.0,675.135,72.91
2022,IT,Italy,EL,Greece,1178350573.0,1073.6750000000002,116.73
2022,IT,Italy,ES,Spain,2216460157.0,614.0966666666667,121.27666666666669
2022,IT,Italy,FR,France,1246854187.0,545.1366666666667,100.36
2022,IT,Italy,HR,Croatia,615778286.0,526.51,72.66499999999999
2022,IT,Italy,IT,Italy,28590377353.0,374.9533333333334,75.42666666666666
2022,IT,Italy,RO,Romania,274153692.0,415.815,33.445
2022,IT,Italy,UK,United Kingdom,374614479.0,637.095,83.75999999999999
2022,LT,Lithuania,AT,Austria,29553985.0,748.9549999999999,98.08500000000001
2022,LT,Lithuania,BE,Belgium,35923369.0,627.3299999999999,82.16
2022,LT,Lithuania,BG,Bulgaria,20506151.0,816.97,88.185
2022,LT,Lithuania,CH,Switzerland,9479738.0,650.7349999999999,59.7
2022,LT,Lithuania,CY,Cyprus,10467554.0,610.1,73.65
2022,LT,Lithuania,CZ,Czechia,28812344.0,580.375,87.445
2022,LT,Lithuania,DE,Germany,130620968.0,494.3999999999999,95.48333333333333
2022,LT,Lithuania,DK,Denmark,132239270.0,560.0066666666667,103.63333333333333
2022,LT,Lithuania,EE,Estonia,60250978.0,380.1666666666667,104.45
2022,LT,Lithuania,EL,Greece,115989938.0,608.365,78.12
2022,LT,Lithuania,ES,Spain,68118166.0,627.92,72.035
2022,LT,Lithuania,FI,Finland,25186193.0,556.0266666666666,88.97333333333334
2022,LT,Lithuania,FR,France,32169195.0,616.4,82.91499999999999
2022,LT,Lithuania,IE,Ireland,35763737.0,428.02,44.215
2022,LT,Lithuania,IT,Italy,60931910.0,557.35,114.35000000000001
2022,LT,Lithuania,LT,Lithuania,738430638.0,115.92,42.86333333333334
2022,LT,Lithuania,LV,Latvia,107349688.0,313.1066666666666,87.7
2022,LT,Lithuania,NL,Netherlands,48931235.0,487.8666666666666,94.97666666666667
2022,LT,Lithuania,NO,Norway,128154458.0,569.6866666666666,100.18
2022,LT,Lithuania,PL,Poland,127092458.0,357.89000000000004,93.74333333333334
2022,LT,Lithuania,PT,Portugal,46436809.0,613.0999999999999,79.2
2022,LT,Lithuania,SE,Sweden,81022928.0,516.17,90.17999999999999
2022,LT,Lithuania,TR,Turkey,222233143.0,576.495,78.195
2022,LT,Lithuania,UK,United Kingdom,105200882.0,349.2633333333333,69.43333333333334
2022,LU,Luxembourg,AT,Austria,245394208.0,1308.2133333333334,256.2266666666667
2022,LU,Luxembourg,BE,Belgium,278666914.0,610.0099999999999,172.53333333333333
2022,LU,Luxembourg,BG,Bulgaria,23754443.0,1719.9,101.27
2022,LU,Luxembourg,CH,Switzerland,162481059.0,1041.6633333333332,247.11333333333332
2022,LU,Luxembourg,CZ,Czechia,20258478.0,826.065,96.4
2022,LU,Luxembourg,DE,Germany,495937348.0,779.8866666666667,201.57000000000002
2022,LU,Luxembourg,DK,Denmark,38027621.0,1830.385,212.89
2022,LU,Luxembourg,EL,Greece,259606494.0,2395.37,213.89499999999998
2022,LU,Luxembourg,ES,Spain,826601711.0,1638.9766666666667,250.69333333333336
2022,LU,Luxembourg,FI,Finland,23607656.0,1728.42,129.58499999999998
2022,LU,Luxembourg,FR,France,1217530246.0,913.09,176.91666666666666
2022,LU,Luxembourg,HR,Croatia,76164457.0,1687.135,165.93
2022,LU,Luxembourg,HU,Hungary,32324500.0,1251.8049999999998,153.035
2022,LU,Luxembourg,IE,Ireland,26141448.0,1016.22,143.24
2022,LU,Luxembourg,IT,Italy,703754254.0,1376.5433333333333,236.67
2022,LU,Luxembourg,LU,Luxembourg,156024140.0,589.1933333333333,119.00333333333333
2022,LU,Luxembourg,MT,Malta,22948700.0,1326.95,188.365
2022,LU,Luxembourg,NL,Netherlands,167245422.0,710.39,190.65333333333334
2022,LU,Luxembourg,PL,Poland,43051424.0,901.7133333333333,167.45
2022,LU,Luxembourg,PT,Portugal,646901246.0,1231.74,209.38333333333333
2022,LU,Luxembourg,RO,Romania,30255115.0,1197.0,109.285
2022,LU,Luxembourg,SE,Sweden,36787082.0,1235.355,130.81
2022,LU,Luxembourg,SI,Slovenia,11637089.0,717.2,97.105
2022,LU,Luxembourg,SK,Slovakia,12603730.0,691.935,70.09
2022,LU,Luxembourg,TR,Turkey,91528273.0,2123.1000000000004,172.02
2022,LU,Luxembourg,UK,United Kingdom,189791325.0,1168.32,285.8233333333333
2022,LV,Latvia,CZ,Czechia,23855723.0,533.145,79.93
2022,LV,Latvia,DE,Germany,25789313.0,697.15,120.54
2022,LV,Latvia,EE,Estonia,75626054.0,163.035,90.325
2022,LV,Latvia,EL,Greece,69085000.0,1028.55,128.28
2022,LV,Latvia,ES,Spain,132501272.0,844.885,119.44
2022,LV,Latvia,FI,Finland,10216035.0,505.32,98.24
2022,LV,Latvia,FR,France,21430500.0,693.5,134.19
2022,LV,Latvia,IE,Ireland,13372249.0,429.15,55.5
2022,LV,Latvia,IT,Italy,149665093.0,877.76,131.945
2022,LV,Latvia,LT,Lithuania,49815932.0,171.44,89.465
2022,LV,Latvia,LV,Latvia,383761235.0,85.64333333333332,25.87
2022,LV,Latvia,NO,Norway,57272579.0,830.63,63.6
2022,LV,Latvia,PL,Poland,44240298.0,402.7633333333333,106.28333333333335
2022,LV,Latvia,SE,Sweden,16448012.0,524.09,95.13
2022,LV,Latvia,TR,Turkey,70900322.0,836.27,125.37
2022,LV,Latvia,UK,United Kingdom,40481764.0,413.425,59.375
2022,MT,Malta,AT,Austria,16975809.0,860.215,157.375
2022,MT,Malta,BE,Belgium,23065583.0,1049.615,78.47999999999999
2022,MT,Malta,BG,Bulgaria,3739493.0,671.21,122.07
2022,MT,Malta,CH,Switzerland,6340786.0,917.67,183.41
2022,MT,Malta,CY,Cyprus,12960486.0,803.63,148.535
2022,MT,Malta,DE,Germany,30604406.0,881.4,153.16500000000002
2022,MT,Malta,EL,Greece,34011971.0,890.8199999999999,152.91
2022,MT,Malta,ES,Spain,52726616.0,817.0466666666666,170.23666666666668
2022,MT,Malta,FR,France,50395276.0,817.35,180.64666666666668
2022,MT,Malta,HR,Croatia,8722446.0,769.885,139.905
2022,MT,Malta,HU,Hungary,7226778.0,726.935,140.20499999999998
2022,MT,Malta,IE,Ireland,6507427.0,1173.49,79.74
2022,MT,Malta,IT,Italy,312065952.0,666.1466666666666,167.24666666666667
2022,MT,Malta,MT,Malta,125197671.0,191.82000000000002,60.68666666666667
2022,MT,Malta,NL,Netherlands,14869632.0,833.28,147.99
2022,MT,Malta,PL,Poland,35683151.0,1137.1,131.815
2022,MT,Malta,PT,Portugal,10110401.0,800.495,132.75
2022,MT,Malta,TR,Turkey,25344576.0,1288.615,163.975
2022,MT,Malta,UK,United Kingdom,117012745.0,852.6766666666666,192.17
2022,NL,Netherlands,AT,Austria,1954822614.0,633.7199999999999,108.69
2022,NL,Netherlands,BE,Belgium,1351899219.0,317.9766666666667,82.72
2022,NL,Netherlands,BG,Bulgaria,74765123.0,553.3199999999999,25.35
2022,NL,Netherlands,CH,Switzerland,615950403.0,589.3566666666667,107.82000000000001
2022,NL,Netherlands,CY,Cyprus,97913943.0,1164.12,127.455
2022,NL,Netherlands,CZ,Czechia,354890658.0,592.0333333333333,109.00333333333333
2022,NL,Netherlands,DE,Germany,3000630104.0,427.64000000000004,93.87
2022,NL,Netherlands,DK,Denmark,429507312.0,614.5533333333333,110.46999999999998
2022,NL,Netherlands,EL,Greece,1944264928.0,1181.775,100.985
2022,NL,Netherlands,ES,Spain,4928956728.0,873.8033333333333,129.80666666666664
2022,NL,Netherlands,FI,Finland,144161397.0,1093.4850000000001,126.235
2022,NL,Netherlands,FR,France,4274479612.0,600.08,96.03666666666668
2022,NL,Netherlands,HR,Croatia,533158280.0,961.895,67.555
2022,NL,Netherlands,HU,Hungary,121842594.0,432.34666666666664,73.70333333333333
2022,NL,Netherlands,IE,Ireland,233077356.0,739.3766666666667,130.72333333333333
2022,NL,Netherlands,IS,Iceland,418550837.0,1813.58,167.37
2022,NL,Netherlands,IT,Italy,3048637544.0,824.1700000000001,124.63666666666667
2022,NL,Netherlands,LU,Luxembourg,144678298.0,324.3566666666666,67.40333333333334
2022,NL,Netherlands,MT,Malta,47252508.0,688.7,103.9
2022,NL,Netherlands,NL,Netherlands,9409989198.0,248.14666666666668,60.366666666666674
2022,NL,Netherlands,NO,Norway,779837004.0,1004.57,133.3
2022,NL,Netherlands,PL,Poland,225108810.0,616.5,126.52666666666666
2022,NL,Netherlands,PT,Portugal,1196565162.0,855.6466666666666,119.11333333333334
2022,NL,Netherlands,RO,Romania,97269201.0,811.28,75.905
2022,NL,Netherlands,SE,Sweden,385956469.0,817.6999999999999,131.91333333333333
2022,NL,Netherlands,SI,Slovenia,104638509.0,721.13,53.849999999999994
2022,NL,Netherlands,TR,Turkey,909553560.0,1102.465,82.15
2022,NL,Netherlands,UK,United Kingdom,1569433087.0,662.4366666666666,133.99
2022,PL,Poland,AT,Austria,362810858.0,510.0566666666667,75.66
2022,PL,Poland,BE,Belgium,107855168.0,467.2966666666666,84.63000000000001
2022,PL,Poland,BG,Bulgaria,315750411.0,607.9849999999999,78.505
2022,PL,Poland,CH,Switzerland,123808591.0,685.9233333333333,96.73666666666668
2022,PL,Poland,CY,Cyprus,63152352.0,597.415,75.86500000000001
2022,PL,Poland,CZ,Czechia,916022600.0,694.9200000000001,154.20666666666668
2022,PL,Poland,DE,Germany,2690295558.0,556.0166666666667,101.89666666666666
2022,PL,Poland,DK,Denmark,126910059.0,509.01,86.48
2022,PL,Poland,EE,Estonia,22348077.0,749.035,109.955
2022,PL,Poland,EL,Greece,947139710.0,551.47,104.83
2022,PL,Poland,ES,Spain,898970264.0,569.4033333333333,104.72666666666667
2022,PL,Poland,FI,Finland,53981508.0,1182.5500000000002,74.775
2022,PL,Poland,FR,France,477793002.0,580.46,98.00333333333333
2022,PL,Poland,HR,Croatia,659012264.0,481.50333333333333,89.29666666666667
2022,PL,Poland,HU,Hungary,386682740.0,747.5,206.26999999999998
2022,PL,Poland,IE,Ireland,133262722.0,449.96000000000004,25.89
2022,PL,Poland,IS,Iceland,34310426.0,892.485,75.19
2022,PL,Poland,IT,Italy,1094634610.0,493.07666666666665,94.54333333333334
2022,PL,Poland,LT,Lithuania,108233239.0,363.8866666666667,103.23333333333333
2022,PL,Poland,LU,Luxembourg,5453888.0,518.7,61.31
2022,PL,Poland,LV,Latvia,17098776.0,478.9466666666667,116.46666666666665
2022,PL,Poland,MT,Malta,45992633.0,550.8299999999999,86.63499999999999
2022,PL,Poland,NL,Netherlands,265741908.0,533.2466666666667,84.55666666666666
2022,PL,Poland,NO,Norway,229451356.0,466.7833333333333,72.28333333333335
2022,PL,Poland,PL,Poland,17870046372.0,182.26999999999998,39.35666666666666
2022,PL,Poland,PT,Portugal,212713001.0,733.0150000000001,81.935
2022,PL,Poland,RO,Romania,36659917.0,638.845,84.63
2022,PL,Poland,SE,Sweden,287078498.0,499.4333333333332,70.31333333333333
2022,PL,Poland,SI,Slovenia,9605456.0,357.85,55.269999999999996
2022,PL,Poland,SK,Slovakia,289038123.0,370.14000000000004,87.56333333333333
2022,PL,Poland,TR,Turkey,580749441.0,700.4300000000001,91.36
2022,PL,Poland,UK,United Kingdom,665633384.0,420.01666666666665,62.78
2022,PT,Portugal,AT,Austria,23616402.0,724.98,124.28999999999999
2022,PT,Portugal,BE,Belgium,64481623.0,661.2833333333333,119.80333333333334
2022,PT,Portugal,CH,Switzerland,78273845.0,551.4433333333333,103.59333333333332
2022,PT,Portugal,CZ,Czechia,8943993.0,574.29,95.63
2022,PT,Portugal,DE,Germany,110513051.0,643.2866666666667,113.69
2022,PT,Portugal,DK,Denmark,37690026.0,1452.98,72.15
2022,PT,Portugal,EL,Greece,69726766.0,1139.74,131.89
2022,PT,Portugal,ES,Spain,821256324.0,492.57,108.64666666666666
2022,PT,Portugal,FR,France,299934404.0,555.46,104.23333333333333
2022,PT,Portugal,IE,Ireland,8289308.0,727.47,118.78
2022,PT,Portugal,IT,Italy,251421025.0,758.0766666666667,149.85333333333332
2022,PT,Portugal,LU,Luxembourg,10912564.0,463.48,79.47
2022,PT,Portugal,NL,Netherlands,93009839.0,640.8466666666667,133.57666666666668
2022,PT,Portugal,PT,Portugal,5581098674.0,205.9333333333333,46.74666666666667
2022,PT,Portugal,SE,Sweden,9210747.0,623.01,105.36
2022,PT,Portugal,UK,United Kingdom,164178603.0,553.7199999999999,118.35333333333334
2022,RO,Romania,AT,Austria,135968270.0,779.11,114.05
2022,RO,Romania,BG,Bulgaria,336237120.0,682.655,115.79499999999999
2022,RO,Romania,DE,Germany,142314870.0,603.38,68.67
2022,RO,Romania,EL,Greece,467163970.0,819.2049999999999,118.69999999999999
2022,RO,Romania,ES,Spain,257403851.0,1075.275,151.01
2022,RO,Romania,FR,France,47720644.0,705.57,90.84
2022,RO,Romania,HU,Hungary,53007900.0,267.05333333333334,60.00666666666667
2022,RO,Romania,IT,Italy,245605674.0,558.7566666666667,106.60333333333334
2022,RO,Romania,RO,Romania,6943001330.0,225.43666666666664,60.20333333333334
2022,RO,Romania,TR,Turkey,188169907.0,974.1949999999999,148.065
2022,RO,Romania,UK,United Kingdom,41986779.0,569.3299999999999,71.18
2022,SE,Sweden,DE,Germany,1979995326.0,931.62,248.85666666666665
2022,SE,Sweden,DK,Denmark,920177001.0,440.415,193.8
2022,SE,Sweden,EL,Greece,3733868832.0,1860.15,161.57999999999998
2022,SE,Sweden,ES,Spain,4703277720.0,1197.1,110.13
2022,SE,Sweden,FI,Finland,943300421.0,473.875,195.92
2022,SE,Sweden,FR,France,3170893974.0,1894.3400000000001,211.68
2022,SE,Sweden,IT,Italy,5086823986.0,1002.6199999999999,160.33666666666667
2022,SE,Sweden,PL,Poland,850049252.0,1144.06,160.03
2022,SE,Sweden,SE,Sweden,34209904924.0,309.97333333333336,89.82666666666667
2022,SE,Sweden,UK,United Kingdom,1371808437.0,801.3299999999999,138.05
2022,SI,Slovenia,AT,Austria,78831636.0,343.8766666666667,111.27333333333333
2022,SI,Slovenia,BE,Belgium,21904041.0,660.41,86.7
2022,SI,Slovenia,CZ,Czechia,23448569.0,400.335,147.435
2022,SI,Slovenia,DE,Germany,102549229.0,582.9366666666666,145.83666666666667
2022,SI,Slovenia,EL,Greece,95202853.0,859.465,102.97
2022,SI,Slovenia,ES,Spain,104736337.0,839.5699999999999,111.165
2022,SI,Slovenia,FR,France,49727820.0,878.345,127.615
2022,SI,Slovenia,HR,Croatia,1125718750.0,308.28000000000003,63.98666666666666
2022,SI,Slovenia,HU,Hungary,24403734.0,328.53499999999997,123.0
2022,SI,Slovenia,IT,Italy,261943262.0,494.09,133.73
2022,SI,Slovenia,NL,Netherlands,16827654.0,843.66,124.61
2022,SI,Slovenia,PT,Portugal,52127264.0,1196.06,97.04
2022,SI,Slovenia,SI,Slovenia,955895778.0,199.21,64.27
2022,SI,Slovenia,TR,Turkey,59431697.0,1056.26,152.83999999999997
2022,SK,Slovakia,AT,Austria,220620665.0,492.1666666666667,121.21
2022,SK,Slovakia,BG,Bulgaria,58836146.0,635.32,80.64
2022,SK,Slovakia,CZ,Czechia,378470120.0,245.39333333333332,68.61666666666666
2022,SK,Slovakia,DE,Germany,88721794.0,681.11,110.33
2022,SK,Slovakia,EL,Greece,241441882.0,990.41,136.73
2022,SK,Slovakia,ES,Spain,157973791.0,1089.33,120.035
2022,SK,Slovakia,HR,Croatia,412323546.0,598.46,75.12
2022,SK,Slovakia,HU,Hungary,177389560.0,253.51999999999998,79.35333333333334
2022,SK,Slovakia,IT,Italy,399499903.0,617.8466666666667,130.65666666666667
2022,SK,Slovakia,PL,Poland,70334550.0,241.165,107.145
2022,SK,Slovakia,SK,Slovakia,2408444040.0,193.42333333333332,52.06
2022,SK,Slovakia,TR,Turkey,287171034.0,957.23,114.79
2022,SK,Slovakia,UK,United Kingdom,35839381.0,533.83,99.5
